Workbook

Sheet Radnja
B1: Studio 031, obrt za frizerske i usluge uljepšavanja
B2: Vl. Alma Okanović
B3: Gornjodravska 90c
B4: 31000 Osijek, Hrvatska
B5: OIB: 27380297470
B8: Cjenik: | F8: u eurima
B9: Moderno frizure | F9: 16
B10: Klasično šišanje: | F10: 14
B11: Šišanje škarama (duga kosa): | F11: 16
B12: Fed bez izbrijavanja | F12: 14
B13: Pranje kose: | F13: 3
B14: Brijanje glave: | F14: 9
B15: Brijanje brade: | F15: 8
B16: Uređivanje kratke brade: | F16: 12
B17: Uređivanje srednje duge brade: | F17: 14
B18: Uređivanje polu duge brade: | F18: 16
B19: Uređivanje dugačke brade: | F19: 18
B20: Skraćivanje na nulu prije brijanja: | F20: 3
... B24: Posebni zahtjevi 7,00€: | F24: 7
B26: Dana 1.09.2026.
B29: Knjiga žalbe
B30: Pisani prigovor (žalbu) je moguće uputiti na mail:
B31: studio031.os@gmail.com

Sheet Letak 4
A1: =Radnja!B8 -> Cjenik: | J1: =A1 -> Cjenik:
E3: HRK | G3: € | M3: =E3 -> HRK | O3: =G3 -> €
A4: =Radnja!B9 -> Moderno frizure | D4: =Radnja!#REF! -> #REF! | G4: =Radnja!F9 -> 16 | J4: =A4 -> Moderno frizure | M4: =D4 -> #REF! | O4: =G4 -> 16
A5: =Radnja!B11 -> Šišanje škarama (duga kosa): | E5: =Radnja!#REF! -> #REF! | G5: =Radnja!F11 -> 16 | J5: =A5 -> Šišanje škarama (duga kosa): | M5: =E5 -> #REF! | O5: =G5 -> 16
A6: =Radnja!B13 -> Pranje kose: | E6: =Radnja!#REF! -> #REF! | G6: =Radnja!F13 -> 3 | J6: =A6 -> Pranje kose: | M6: =E6 -> #REF! | O6: =G6 -> 3
A7: =Radnja!B14 -> Brijanje glave: | E7: =Radnja!#REF! -> #REF! | G7: =Radnja!F14 -> 9 | J7: =A7 -> Brijanje glave: | M7: =E7 -> #REF! | O7: =G7 -> 9
A8: =Radnja!B15 -> Brijanje brade: | E8: =Radnja!#REF! -> #REF! | G8: =Radnja!F15 -> 8 | J8: =A8 -> Brijanje brade: | M8: =E8 -> #REF! | O8: =G8 -> 8
A9: =Radnja!B16 -> Uređivanje kratke brade: | E9: =Radnja!#REF! -> #REF! | G9: =Radnja!F16 -> 12 | J9: =A9 -> Uređivanje kratke brade: | M9: =E9 -> #REF! | O9: =G9 -> 12
A10: =Radnja!B17 -> Uređivanje srednje duge brade: | E10: =Radnja!#REF! -> #REF! | G10: =Radnja!F17 -> 14 | J10: =A10 -> Uređivanje srednje duge brade: | M10: =E10 -> #REF! | O10: =G10 -> 14
A11: =Radnja!B19 -> Uređivanje dugačke brade: | E11: =Radnja!#REF! -> #REF! | G11: =Radnja!F19 -> 18 | J11: =A11 -> Uređivanje dugačke brade: | M11: =E11 -> #REF! | O11: =G11 -> 18
A12: =Radnja!#REF! -> #REF! | E12: =Radnja!#REF! -> #REF! | G12: =Radnja!#REF! -> #REF! | J12: =A12 -> #REF! | M12: =E12 -> #REF! | O12: =G12 -> #REF!
A13: =Radnja!#REF! -> #REF! | E13: =Radnja!#REF! -> #REF! | G13: =Radnja!#REF! -> #REF! | J13: =A13 -> #REF! | M13: =E13 -> #REF! | O13: =G13 -> #REF!
A14: =Radnja!#REF! -> #REF! | E14: =Radnja!#REF! -> #REF! | G14: =Radnja!#REF! -> #REF! | J14: =A14 -> #REF! | M14: =E14 -> #REF! | O14: =G14 -> #REF!
A15: =Radnja!#REF! -> #REF! | E15: =Radnja!#REF! -> #REF! | G15: =Radnja!#REF! -> #REF! | J15: =A15 -> #REF! | M15: =E15 -> #REF! | O15: =G15 -> #REF!
A17: Plaćanje: gotovina, kartica, | J17: =A17 -> Plaćanje: gotovina, kartica,
B18: NFC, GooglePay, ApllePay | K18: =B18 -> NFC, GooglePay, ApllePay
A30: =A1 -> Cjenik: | J30: =A30 -> Cjenik:
E32: =E3 -> HRK | G32: =G3 -> € | M32: =E32 -> HRK | O32: =G32 -> €
A33: =A4 -> Moderno frizure | D33: =D4 -> #REF! | G33: =G4 -> 16 | J33: =A33 -> Moderno frizure | M33: =D33 -> #REF! | O33: =G33 -> 16
A34: =A5 -> Šišanje škarama (duga kosa): | E34: =E5 -> #REF! | G34: =G5 -> 16 | J34: =A34 -> Šišanje škarama (duga kosa): | M34: =E34 -> #REF! | O34: =G34 -> 16
A35: =A6 -> Pranje kose: | E35: =E6 -> #REF! | G35: =G6 -> 3 | J35: =A35 -> Pranje kose: | M35: =E35 -> #REF! | O35: =G35 -> 3
A36: =A7 -> Brijanje glave: | E36: =E7 -> #REF! | G36: =G7 -> 9 | J36: =A36 -> Brijanje glave: | M36: =E36 -> #REF! | O36: =G36 -> 9
A37: =A8 -> Brijanje brade: | E37: =E8 -> #REF! | G37: =G8 -> 8 | J37: =A37 -> Brijanje brade: | M37: =E37 -> #REF! | O37: =G37 -> 8
A38: =A9 -> Uređivanje kratke brade: | E38: =E9 -> #REF! | G38: =G9 -> 12 | J38: =A38 -> Uređivanje kratke brade: | M38: =E38 -> #REF! | O38: =G38 -> 12
A39: =A10 -> Uređivanje srednje duge brade: | E39: =E10 -> #REF! | G39: =G10 -> 14 | J39: =A39 -> Uređivanje srednje duge brade: | M39: =E39 -> #REF! | O39: =G39 -> 14
A40: =A11 -> Uređivanje dugačke brade: | E40: =E11 -> #REF! | G40: =G11 -> 18 | J40: =A40 -> Uređivanje dugačke brade: | M40: =E40 -> #REF! | O40: =G40 -> 18
A41: =A12 -> #REF! | E41: =E12 -> #REF! | G41: =G12 -> #REF! | J41: =A41 -> #REF! | M41: =E41 -> #REF! | O41: =G41 -> #REF!
A42: =A13 -> #REF! | E42: =E13 -> #REF! | G42: =G13 -> #REF! | J42: =A42 -> #REF! | M42: =E42 -> #REF! | O42: =G42 -> #REF!
A43: =A14 -> #REF! | E43: =E14 -> #REF! | G43: =G14 -> #REF! | J43: =A43 -> #REF! | M43: =E43 -> #REF! | O43: =G43 -> #REF!
A44: =A15 -> #REF! | E44: =E15 -> #REF! | G44: =G15 -> #REF! | J44: =A44 -> #REF! | M44: =E44 -> #REF! | O44: =G44 -> #REF!
A46: =A17 -> Plaćanje: gotovina, kartica, | J46: =A46 -> Plaćanje: gotovina, kartica,
B47: =B18 -> NFC, GooglePay, ApllePay | K47: =K18 -> NFC, GooglePay, ApllePay

Sheet Sheet3
