Workbook

Sheet ugovor_neo (tifany
A1: ='EVIDENCIJA NOVA'!G1 -> 808
A2: Na temelju Zakona o radu ("Narodne novine", br. 93/14., 127/17, 73/18)
A3: Dana | B3: 45017 | C3: sklopljen je
A5: UGOVOR O RADU NA NEODREĐENO VRIJEME
A7: Kojim se zasniva radni odnos između poslodavca: | F7: =OFFSET(RADNICI!E2,A1,0) -> D-INVOICE D.O.O. | I7: OIB: | J7: =OFFSET(RADNICI!F2,A1,0) -> 95114485977
A8: (u daljenjem tekstu: Društvo), kojeg zastupa | E8: =OFFSET(RADNICI!G2,A1,0) -> LAURA GERGELJ | H8: s jedne strane,
A9: i
A10: radnika: | B10: =OFFSET(RADNICI!J2,$A$1,0) -> VLADIMIR DEDUŠ | E10: OIB: | F10: =OFFSET(RADNICI!M2,$A$1,0) -> 31157145393 | I10: s prebivalištem na adresi:
A11: =OFFSET(RADNICI!R2,$A$1,0) -> Moslavačka 7 a | G11: (u daljenjem tekstu: radnik), s druge strane.
A13: Članak 1.
A14: Opće odredbe
A16: 1. Ovim ugovorom se utvrđuju međusobna prava, obveze i odgovornosti na radu između Poslodavca i Radnika.
A17: 2. Ovim ugovorom radnik zasniva radni odnos na NEODREĐENO VRIJEME za obavljanje poslova
B18: =OFFSET(RADNICI!W2,$A$1,0) -> maser / maserka
A19: 3. Ugovorene strane ugovaraju probni rad Radnika u trajanju od | G19: 6 | H19: / mjeseca
A20: 4. Mjesto rada radnika je u mjestu | E20: Suza, Šandora Petefija 31
B21: A u slučaju potrebe poslodavca i u nekim drugim mjestima na području Republike Hrvatske.
A22: 5. Pored poslova navedenih u točki 2. ovog ugovora Radnik će obavljati i druge poslove prema nalogu
B23: Poslodavca, a koje su u skladu s naravi i vrsti posla za koje je zasnovan radni odnos.
A24: 6. Radnik počinje s radom | D24: 45017
A26: Članak 2.
A27: Plaće i naknade
A29: 1. Za realizaciju preuzetih obveza iz točke I.2. Radniku pripada osnovna bruto plaća u iznosu od
B30: 700 | C30: a razmjerno broju sati. Ovisno o rezultatima rad radniku se može ispaltiti i stimulativni dio plaće.
A31: 2. Poslodavac će ispalćivati plaću za predhodni mjesec, dodatak na plaću sukladno Zakonu o rad, te naknade
B32: plaće najkasnije do posljednjeg dana u mjesecu za rad obavljen u predhodnom mjesecu.
A33: 3. Uz plaću navedenu u točki II.1. ovog ugovora Radniku pripada i stimulativni dio plaće prema odluci poslodavca.
A34: 4. Radnik ima pravo na povećanje plaće za
B35: - otežane uvjete rada | H35: 0.1
B36: - rad u dane blagdana i neradne dane utvrđene zakonom | H36: 0.5
B37: - rad nedjeljom | H37: 0.3
B38: - noćni rad | H38: 0.3
B39: - prekovremeni rad | H39: 0.5
B40: - za rad u drugoj smjeni u slučaju stalnog smjenskog rada / %
B41: - nagrade za ostvarene rezultate 80 eur/ mj
B42: - pehranu u iznosu od 20 eur / mj
A44: Članak 3.
A45: Troškovi i naknade
A47: Radnik ima pravo naknade troškova za prijevoz na posao u iznosu radničke mjesečne karte za mjesec.
A49: Radnik ima pravo na naknade troškova za službena putovanja u zemlji i inozemstvu, u visini propisanoj
A50: zakonom.
A51: Članak 4.
A52: Radno vrijeme i godišnji odmor
A54: 1. Radnik će raditi u | D54: =OFFSET(RADNICI!Z2,$A$1,0) -> puno | E54: radnom vremenu od | H54: =OFFSET(RADNICI!AA2,$A$1,0) -> 40 | I54: sati tjedno.
A55: 2. Radno vrijeme određuje se jednokratno – dvokratno , prema rasporedu radnog vremena,
B56: a može početi od 8:00 i završiti u 10:00 sati.
A57: 3. U tijeku rada radnik ima pravo koristiti dnevni odmor u trajanju od 30 minuta.
A58: 4. Tjedni odmor radnik će koristiti PREMA RASPOREDU RADNOG VREMENA.
A59: 5. Radnik ima pravo na godišnji odmor u trajanju od 4 tjedna.
A61: Članak 5.
A62: Čuvanje poslovne tajne
A64: 1. Radnik se obvezuje da će za vrijeme trajanja Ugovora o radu, a i njegovog prestanka čuvati sve poslovne
A65: tajne poslodavca i njegovih komitenata prema neovlaštenim osobama, koje su po svojoj prirodi povjerene i
A66: zaštičene, a koje su mu bile povjerene ili koje je mogao saznati na poslu.
A68: Članak 6.
A69: Otkaz ugovora o radu
A71: 1. Ovaj Ugovor mogu – ne mogu redovito otkazati i Poslodavac i Radnik pod uvjetima propisanim zakonom,
B72: i prije isteka vremena za koji je sklopljen.
A73: 2. U slučaju otkazivanja ugovora o radu, otkazni rok iznosi 30 radnih dana.
A76: Članak 7.
A77: Prava i obveze
A78: Ostala prava i obveze radnika i poslodavca:
A79: -
A80: Članak 8.
A81: Zaključne odredbe
A82: .
A83: 1. Za slučaj spora stranke ugovaraju mjesnu nadležnost stvarno nadležnog suda u Osijeku.
A84: 2. Ovaj ugovor stupa na snagu | D84: =D24 -> 45017
A85: 3. Ovaj je ugovor sklopljen u 3 istovjetna primjerka od kojih Poslodavac zadržava 2 primjerka a radnik
B86: 1 primjerak.
A88: U Osijeku , dana 01.04.2023.
A91: Za poslodavca | G91: Radnik
A93: M.P.
A94: ____________________ | G94: ___________________

Sheet ugovor_odr (2)
A1: ='EVIDENCIJA NOVA'!G1 -> 808
A2: Na temelju Zakona o radu ("Narodne novine", br. 93/14., 127/17, 73/18)
A3: Dana | B3: 44937 | C3: sklopljen je
A5: UGOVOR O RADU NA ODREĐENO VRIJEME
A7: Kojim se zasniva radni odnos između poslodavca: | F7: =OFFSET(RADNICI!E2,A1,0) -> D-INVOICE D.O.O. | I7: OIB: | J7: =OFFSET(RADNICI!F2,A1,0) -> 95114485977
A8: (u daljenjem tekstu: Društvo), kojeg zastupa | E8: =OFFSET(RADNICI!G2,A1,0) -> LAURA GERGELJ | H8: s jedne strane,
A9: i
A10: radnika: | B10: =OFFSET(RADNICI!J2,$A$1,0) -> VLADIMIR DEDUŠ | E10: JMBG: | F10: =OFFSET(RADNICI!M2,$A$1,0) -> 31157145393 | I10: s prebivalištem na adresi:
A11: =OFFSET(RADNICI!R2,$A$1,0) -> Moslavačka 7 a | G11: (u daljenjem tekstu: radnik), s druge strane.
A13: Članak 1.
A14: Opće odredbe
A16: 1. Ovim ugovorom se utvrđuju međusobna prava, obveze i odgovornosti na radu između Poslodavca i Radnika.
A17: 2. Ovim ugovorom radnik zasniva radni odnos na | F17: =OFFSET(RADNICI!X2,$A$1,0) -> Određeno | H17: vrijeme , do | I17: =OFFSET(RADNICI!Y2,$A$1,0) -> 46210
A18: za obavljanje poslova | C18: =OFFSET(RADNICI!V2,$A$1,0) -> maser
A19: 3. Ugovorene strane ugovaraju probni rad Radnika u trajanju od | H19: 30 DANA
A20: 4. Mjesto rada radnika je u mjestu | E20: J.J. Strossmayera 333, Osijek
B21: A u slučaju potrebe poslodavca i u nekim drugim mjestima na području Republike Hrvatske.
A22: 5. Pored poslova navedenih u točki 2. ovog ugovora Radnik će obavljati i druge poslove prema nalogu
B23: Poslodavca, a koje su u skladu s naravi i vrsti posla za koje je zasnovan radni odnos.
A24: 6. Radnik počinje s radom | D24: =OFFSET(RADNICI!K2,$A$1,0) -> 46181 | E24: ,stvarni početak rada ovisi o datumu ishodovanja radne dozvole.
A26: Članak 2.
A27: Plaće i naknade
A29: 1. Za realizaciju preuzetih obveza iz točke I.2. Radniku pripada osnovna bruto plaća u iznosu od
B30: =OFFSET(RADNICI!AM2,$A$1,0) -> 1050 | C30: a razmjerno broju sati.
A31: 2. Isplata plaće obavljat će se jedanput mjesečno i to najkasnije do 15-og u mjesecu za predhodni mjesec.
A32: 3. Uz plaću navedenu u točki II.1. ovog ugovora Radniku pripada i stimulativni dio plaće u iznosu od 0 kn
B33: bruto mjesečno.
A34: 4. Radnik ima pravo na povećanje plaće za
B35: - otežane uvjete rada | H35: 0.1
B36: - rad u dane blagdana i neradne dane utvrđene zakonom | H36: 0.5
B37: - rad nedjeljom | H37: 0.3
B38: - noćni rad | H38: 0.3
B39: - prekovremeni rad | H39: 0.5
B40: - za rad u drugoj smjeni u slučaju stalnog smjenskog rada | H40: %
A42: Članak 3.
A43: Troškovi i naknade
A44: Radnik ima pravo na naknade troškova za službena putovanja u zemlji i inozemstvu, u visini propisanoj
A45: zakonom.
A46: Članak 4.
A47: Radno vrijeme i godišnji odmor
A49: 1. Radnik će raditi u | D49: =OFFSET(RADNICI!Z2,$A$1,0) -> puno | E49: radnom vremenu od | H49: =OFFSET(RADNICI!AA2,$A$1,0) -> 40 | I49: sati tjedno.
A50: 2. Radno vrijeme određuje se jednokratno – dvokratno , prema rasporedu radnog vremena,
A51: a može trajati: 08:00h - 16:00h
A52: 3. U tijeku rada radnik ima pravo koristiti dnevni odmor u trajanju od 30 minuta.
A53: 4. Tjedni odmor radnik će koristiti PREMA RASPOREDU RADNOG VREMENA.
A54: 5. Radnik ima pravo na godišnji odmor u trajanju od 4 tjedna.
A56: Članak 5.
A57: Čuvanje poslovne tajne
A59: 1. Radnik se obvezuje da će za vrijeme trajanja Ugovora o radu, a i njegovog prestanka čuvati sve poslovne
A60: tajne poslodavca i njegovih komitenata prema neovlaštenim osobama, koje su po svojoj prirodi povjerene i
A61: zaštičene, a koje su mu bile povjerene ili koje je mogao saznati na poslu.
A63: Članak 6.
A64: Otkaz ugovora o radu
A66: 1. Ovaj Ugovor mogu – ne mogu redovito otkazati i Poslodavac i Radnik pod uvjetima propisanim zakonom,
B67: i prije isteka vremena koji je sklopljen.
A68: 2. U slučaju kad poslodavac redovito otkazuje, otkazni rok iznosi po čl. 121-122 , a u slučaju kad redovito
B69: otkazuje radnik otkazni rok je po čl. 121-122 ZOR-a.
A71: Članak 7.
A72: Prava i obveze
A74: Ostala prava i obveze radnika i poslodavca:
A78: Članak 8.
A79: Zaključne odredbe
A80: .
A81: 1. Za slučaj spora stranke ugovaraju mjesnu nadležnost stvarno nadležnog suda u Osijeku.
A82: 2. Ovaj ugovor stupa na snagu | D82: =D24 -> 46181
A83: 3. Ovaj je ugovor sklopljen u 3 istovjetna primjerka od kojih Poslodavac zadržava 2 primjerka a radnik
B84: 1 primjerak.
A86: U Osijeku , dana | D86: 44937
A89: Za poslodavca, M.P. | G89: Radnik
F92: ___________________
A93: ____________________

Sheet aneks (3)
A1: ='EVIDENCIJA NOVA'!G1 -> 808
A2: =OFFSET(RADNICI!E2,A1,0) -> D-INVOICE D.O.O.
A3: =OFFSET(RADNICI!F2,$A$1,0) -> 95114485977
A5: Temeljem čl. 11, a u svezi čl. 14 i 15. Zakona o radu (nn 93/14)
A6: dana | B6: 44927 | C6: sklapa se:
A8: ANEKS UGOVORA O RADU
A10: između poslodavca: | C10: =OFFSET(RADNICI!E2,A1,0) -> D-INVOICE D.O.O. | D10: OIB | E10: =OFFSET(RADNICI!F2,$A$1,0) -> 95114485977
A11: i
A12: Radnika/ce | B12: =OFFSET(RADNICI!J2,$A$1,0) -> VLADIMIR DEDUŠ | D12: OIB | E12: =OFFSET(RADNICI!M2,$A$1,0) -> 31157145393
A14: Članak 1.
A16: Mijenja se točka 2. članak 1. Ugovora o radu od | E16: 44197 | F16: te po novom
A17: glasi:
A18: Ovim ugovorom radnik zasniva radni odnos na NEODREĐENO VRIJEME za obavljanje poslova
A19: Telefonist-operater u call centru.
A21: Članak 2.
A22: Mijenja se točka 1. članak 2. Ugovora o radu od 1.1.2021. te po novom glasi: | B22: Mijenja se točka 1. članak 2. Ugovora o radu od 1.1.2021. te po novom glasi:
A23: Za realizaciju preuzetih obveza iz točke 2. članka 1. radniku pripada osnovna bruto plaća u iznosu
A24: od 700 EUR a razmjerno broju sati. Ovisno o rezultatima radniku se može isplatiti i stimultivni dio plaće.
A26: Odredbe ovog aneksa stupaju na snagu od | D26: 44927
A33: U Osijeku
A34: =D26 -> 44927
A36: Za poslodavca | E36: Radnik
A37: =OFFSET(RADNICI!E2,A1,0) -> D-INVOICE D.O.O. | E37: =OFFSET(RADNICI!J2,$A$1,0) -> VLADIMIR DEDUŠ
A41: "------------------------------------------- -------------------------------------

Sheet POSLODAVCI
A1: RB | B1: NAZIV | C1: OIB | D1: ODGOVORNA OSOBA | E1: MATIČNI BROJ | F1: ŠIFRA DJELATNOSTI | G1: BROJ PS-a | H1: registarski broj | I1: mjesto | J1: adresa
A2: 1 | B2: Nimfus TM j.d.o.o. | C2: 40919552412 | I2: Osijek | J2: J.J. Strossmayera 333, 31000 Osijek
A3: 2 | B3: Best Home Corporation d.o.o. | C3: 25035990158 | I3: Osijek
A4: 3 | B4: AGRO PMD d.o.o. | C4: 09677499852 | D4: Imre Bata | E4: 04008839 | F4: 4690 | G4: 31000 | I4: Osijek | J4: Južno Pregrađe 38, Osijek
A5: 4 | B5: Neomachine d.o.o. | C5: 61932494066 | D5: Kiss Zoltan | I5: Osijek | J5: K.A. Stepinca 17, 31000 Osijek
A6: 5 | B6: Harnal Trade j.d.o.o. | C6: 57234445868 | D6: Ervin Harnal | E6: 04563018 | F6: 4690 | G6: 10000 | H6: 3121460130 | I6: Zagreb | J6: Trpimirova 17, 10000 Zagreb
A7: 6 | B7: Promo Top d.o.o. | C7: 28718529165 | D7: Anita Szalai | E7: 04633423 | F7: 4690 | H7: 3060401984 | I7: Osijek | J7: J.J. Strossmayera 333, 31000 Osijek
A8: 7 | B8: Puls Direkt d.o.o. | C8: 67091284267 | D8: Laszlo Szabo-Kocsis | E8: 04324714 | F8: 4690 | I8: Osijek | J8: J.J. Strossmayera 333, 31000 Osijek
A9: 8 | B9: TK TVRĐA | C9: 01453910543 | D9: Saša Valentin | I9: Osijek | J9: Franje Kuhača 4, 31000 Osijek
A10: 9 | B10: WAX D.O.O | C10: 46869408875 | D10: Rudolf Gergelj | E10: 04676971 | F10: 4719 | I10: Osijek | J10: J.J. Strossmayera 333, 31000 Osijek
A11: 10 | B11: AK Tvrđa | C11: 15624615120 | D11: Davor Batinić | E11: 04624157 | F11: 9312 | H11: 3060399947 | I11: Osijek | J11: Franje Kuhača 17, 31000 Osijek
A12: 11 | B12: Istria gold d.o.o. | C12: 69753887420 | D12: Rudolf Gergelj | E12: 04477243 | F12: 4690 | I12: Osijek | J12: J.J. Strossmayera 333, 31000 Osijek
A13: 12 | B13: Gumenet d.o.o. | C13: 15151568161 | D13: Zoltan Buthi | E13: 04794800 | F13: 4690 | I13: Osijek | J13: I.F. Gundulića 5, 31000 Osijek
A14: 13 | B14: SUG AK TVRĐA | C14: 07880363653 | D14: Davor Batinić | I14: Osijek | J14: Franje Kuhača 17, 31000 Osijek
A15: 14 | B15: MUCI D.O.O | C15: 55158133969 | D15: Szaszko Ibolya | E15: 04707630 | F15: 5520 | I15: Suza | J15: M.Tita 101, Suza
A16: 15 | B16: KERAMIKA ZOKA J.D.O.O. | C16: 85005325176 | D16: Zoran Francisković | E16: 04910761 | F16: 4333 | G16: 31000 | H16: 3060414857 | I16: osijek | J16: Koprivnička 25 a, 31000 Osijek
A17: 16 | B17: HOME PLUS | C17: 18241574410 | D17: LASZLO TIBOR | E17: 04880773 | F17: 4690 | I17: Osijek | J17: Ivana Gundulića 28
A18: 17 | B18: DOMOKOS D.O.O. | C18: 7942284015 | D18: DOMOKOS ISTVAN | I18: Osijek | J18: VRTNA 35, BRIJEŠĆE
A19: 18 | B19: PIROŠ ČIZMA | C19: 96694792087 | D19: LAURA LOVAKOVIĆ | E19: 030182758 | F19: 5610 | I19: Suza | J19: Maršala Tita 101, 31308 Suza
A20: 19 | B20: GRAMAX | C20: 81244734652 | D20: JOSIP ŠIMIĆ | E20: 030109372 | F20: 4719 | I20: Suza | J20: Maršala Tita 101, 31308 Suza
A21: 20 | B21: BHT D.O.O | C21: 46928725478 | D21: IVOR BANOVIĆ | E21: 04979141 | F21: 5510 | G21: 31000 | I21: Osijek | J21: Franjevačka 7, 31000 Osijek
A22: 21 | B22: SOS GUARD J.D.O.O. | C22: 59838236602 | D22: TIBOR HAMVAI | E22: 04996895 | F22: 8211 | I22: Osijek | J22: Šetalište Petra Preradovića 5, 31000 Osijek
A23: 22 | B23: International Line d.o.o. | C23: 16157428650 | D23: Zoltan Kiri | E23: 5007984 | F23: 7311 | I23: Osijek | J23: Ivana Gundulića 28
A24: 23 | B24: DURA-CONSTRUCT J.D.O.O. | C24: 67650750782 | D24: ZSOLT FEHER | E24: 05006627 | F24: 4120 | I24: Osijek | J24: J.J. Strossmayera 333, 31000 Osijek
A25: 24 | B25: JS MENSOR | C25: 19941838505 | D25: GABOR ISTVAN JENEI | E25: 04925220 | F25: 4211 | I25: Osijek | J25: Šetalište Petra Preradovića 5, 31000 Osijek
A26: 25 | B26: BELLISSIMA | C26: 15728896207 | D26: VEZAJ KRISTINA | E26: 04055861 | I26: OSIJEK | J26: BOSUTSKO 13, 31000 OSIJEK
A27: 26 | B27: D-INVOICE D.O.O. | C27: 95114485977 | D27: LAURA GERGELJ | E27: 01485091 | F27: 4311 | I27: Osijek | J27: SV.IVANA KRSTITELJA 15, DARDA
A28: 27 | B28: HIMEX D.O.O | C28: 85302237000 | D28: JOSIP ŠIMIĆ | I28: Osijek | J28: Maršala Tita 101, 31308 Suza
A29: 28 | B29: BN AUTO j.d.o.o. | C29: 38790075940 | D29: BRUNO NEMČANIN | E29: 05141508 | F29: 4511 | H29: 30221898 | I29: Osijek | J29: BEDNJANSKA 10, 31000 OSIJEK
A30: 29 | B30: Alpha Adria Charter d.o.o. | C30: 57699683738 | D30: Adrienn Kinga Német | E30: 04611748 | F30: 7734 | I30: MAKARSKA | J30: Ante Starčevića 32, etaža B/21
A31: 30 | B31: Čušpajz j.d.o.o. | C31: 17119334585 | D31: MARTINA ZAVRŠKI | E31: 04975260 | I31: OSIJEK | J31: Gajev trg 6
A32: 31 | B32: Naturos d.o.o. | C32: 69606074367 | D32: Marko Baban | E32: 02964660 | F32: 1624 | I32: OSIJEK | J32: Ulica Jela 60
A33: 32 | B33: Špajz j.d.o.o. | C33: 15795338441 | D33: Martina Završki | E33: 04764757 | F33: 5610 | I33: Darda | J33: Ilirska ulica 53, Darda
A34: 33 | B34: HR-DRONE d.o.o. | C34: 66364254606 | D34: ZSOLT JÓZSEF BARKÓCZI | E34: 04705157 | F34: 4690 | I34: Bilje | J34: Kralja Zvonimira 61, Bilje
A35: 34 | B35: SAZOL TRANS j.d.o.o. | C35: 21428597692 | D35: Darinka Huber | E35: 05166713 | F35: 4690 | I35: Beli Manastir | J35: Osječka 16A, 31300 Beli Manastir
A36: 35 | B36: LEONOS j.d.o.o. | C36: 06914228422 | D36: Valentin Varga | E36: 05279496 | F36: 4690 | I36: Osijek | J36: Ivana Gundulića 28
A37: 36 | B37: Vital Group d.o.o. | C37: 45575918003 | D37: Balázs Kulcsár | E37: 05346835 | F37: 4799 | I37: Osijek | J37: Ribarska 10
A38: 37 | B38: DAZOL TRANS d.o.o. | C38: 29241410238 | D38: Zoltán Károly Sinkovits | E38: 05107261 | F38: 4690 | I38: Zagreb | J38: Cankarova ulica 1
A39: 38 | B39: Doran031 j.d.o.o. | C39: 06024223998 | D39: Gyula Kovács | E39: 05323835 | F39: 4690 | I39: Osijek | J39: Ivana Gundulića 28
A40: 39 | B40: Hot Gadget j.d.o.o. | C40: 66024839254 | D40: Zsofi Kovacs | E40: 05210020 | F40: 4690 | I40: Osijek | J40: Ružina 41
A41: 40 | B41: MAGYAR VIZEPITO zrt. | C41: 86896896888 | D41: Kristof Nobilis | F41: 6820 | I41: Budimpešta | J41: RUMBACH SEBESTYEN, 0015, 1075
A42: 41 | B42: Logo Puž j.d.o.o. | C42: 65917576492 | D42: Marija Baković | E42: 05460832 | F42: 8690 | I42: Zagreb | J42: XIV. Trokut 8D
A43: 42 | B43: VR consulting | C43: 24279864703 | D43: Robert Verebi | E43: 04572823 | F43: 4619 | I43: Bilje | J43: Kralja Zvonimira 61, Bilje
A44: 43 | B44: MANEVI Jagera d.o.o. | C44: 69769519663 | D44: Dénes Kövári | E44: 05425018 | F44: 6810 | I44: Osijek | J44: Ulica Lorenza Jägera 2
A45: 44 | B45: VR - Krk | C45: 31521842055 | D45: Robert Verebi | E45: 04626257 | F45: 4619 | I45: Osijek | J45: Ribarska 10
A46: 45 | B46: TDL Jadran j.d.o.o. | C46: 42856087628 | D46: DÓRA DENKE- TAKÁCS | E46: 05596351 | F46: 4799 | I46: Vir | J46: Virić VII 18
A47: 46 | B47: Baranjske slastice Horvat j.d.o.o. | C47: 81938384478 | D47: Ilonka Horvat | E47: 04781830 | F47: 1071 | I47: Suza | J47: Petefi Šandora 31
A48: 47 | B48: LINGURAR-CONSTRUCT J.D.O.O | C48: 26899074894 | D48: Daniel Lingurar | E48: 05692377 | F48: 4120 | G48: 31000 | H48: 030268867 | I48: Osijek | J48: Reisnerova ul. 107
A49: 48 | B49: AGRONOMIST D.O.O. | C49: 93439918139 | D49: DAMIR KATUŠIĆ | E49: 05694477 | F49: 2041 | G49: 31000 | H49: 030268955 | I49: TENJA | J49: Osječka 1a, Tenja
A50: 49 | B50: HELT S j.d.o.o. | C50: 55434731380 | D50: Nikolina Roguljić | E50: 5691273 | F50: 9602 | G50: 31000 | I50: Osijek | J50: Bizovačka 61 31220 Višnjevac
A51: 50 | B51: SKIN BEAUTY VL. IVONA JOZIĆ | C51: 37037018122 | D51: Ivona Jozić | E51: 98090950 | F51: 9602 | G51: 31000 | I51: Osijek | J51: Reisnerova 84
A52: 51 | B52: GUGA NATURA j.d.o.o. | C52: 85140091316 | D52: Giulia Tatalović | F52: 1039 | I52: Dajla | J52: Sv. Benedikta 35
A53: 52 | B53: FRANCOS j.d.o.o. | C53: 65655501793 | D53: Vlado Francisković | E53: 05748208 | F53: 4333 | G53: 31000 | H53: 30273403 | I53: osijek | J53: ul. Hrvatske Republike 18
A54: 53 | B54: BB YACHT OBRT VL. BAKA BELA | C54: 28786669452 | D54: Baka Bela | F54: 8559 | G54: 31327 | I54: BILJE | J54: FERENCA KIŠA 7 KOPAČEVO
A55: 54 | B55: JUICYVAPOUR D.O.O. | C55: 71914192370 | D55: JOZSEF BALOG | E55: 05634148 | F55: 4791 | G55: 40323 | I55: Osijek+ | J55: Ribarska 10
A56: 55 | B56: ZLATNA ŠKOLJKA D.O.O. | C56: 78914413816 | D56: Baka Bela | G56: 31327 | I56: BILJE | J56: ULICA FERENCA KIŠA 7 KOPAČEVO
A57: 56 | B57: Magnet, vl. Mladen Čabarkapa | C57: 51892426031 | D57: Mladen Čabarkapa | E57: 91682827 | G57: 31000 | I57: Osijek | J57: Sjenjak 10
A58: 57 | B58: Deviza d.o.o. | C58: 75015160529 | D58: Danka Dakić | E58: 01456687 | F58: 6619 | G58: 31000 | I58: Osijek | J58: Stjepana Radića 18
A59: 58 | B59: Terramare vl. Tünde Ódor | C59: 06770289546 | D59: TÜNDE ÓDOR | E59: 98607758 | F59: 7410 | G59: 21465 | I59: Jelsa | J59: Trg sv. Ivana 9
A60: 59 | B60: Sweet and Beauty j.d.o.o. | C60: 81040686135 | D60: MONIKA PARAT | E60: 05745004 | F60: 0150 | G60: 31326 | I60: DARDA | J60: 135.BARANJSKE BRIGADE 22
A61: 60 | B61: Bole express izrada ključeva | C61: 37860539453 | D61: Željko Bošnjak | E61: 90481003 | F61: 2572 | G61: 31000 | I61: Osijek | J61: Ulica stjepana radića 19a
A62: 61 | B62: MLM Transport d.o.o. | C62: 37860539453 | D62: Marinko Lujić | E62: 30212484 | F62: 4941 | G62: 31327 | I62: Bizovac | J62: Ulica Kralja Tomislava 117
A63: 62 | B63: Serafini d.o.o. | C63: 57640459658 | D63: Danijel Švelec | E63: 30259954 | F63: 6201 | G63: 31000 | I63: Osijek | J63: Vijenac Ivana Meštrovića 76
A64: 63 | B64: LEXTON d.o.o. | C64: 82060345120 | D64: István Sokorai | E64: 05484928 | F64: 4120 | G64: 31000 | I64: Osijek | J64: Josipa Jurja Strossmayera 333
A65: 64 | B65: Greneco OS d.o.o | C65: 79614880677 | D65: Zoran Horvat | E65: ˝05733600 | F65: 4120 | G65: 31000 | I65: osijek | J65: Ribarska 10
A66: 65 | B66: TRGO-KOP d.o.o. | C66: 50891994502 | D66: Marko Baban | E66: 05827191 | F66: 1629 | G66: 31000 | I66: Osijek | J66: Ulica Jela 60, 31000 Osijek
A67: 66 | B67: Logo centar Petra Mikuš d.o.o. | C67: 52813766387 | D67: Petra Mikuš | E67: 05818397 | F67: 8690 | G67: 10000 | I67: Zagreb | J67: Ulica grada Vukovara 234A
A68: 67 | B68: BB Oil d.o.o. | C68: 13785058830 | D68: Nikola Borojević | E68: 04514602 | F68: 1041 | G68: 31204 | I68: Bijelo Brdo | J68: Ratarska 70, 31204 Bijelo Brdo
A69: 68 | B69: Pineta 2023 d.o.o. | C69: 68442072665 | D69: KRISZTINA ERDÖSINÉ JAKAB | E69: 03950417 | F69: 5610 | G69: 23234 | I69: Vir | J69: Ulica Borisa Krnčevića 58
A70: 69 | B70: SELIM AGRO D.O.O. | C70: 18471447928 | D70: KAZE MD MAHEDI MENHAZ | E70: 05824753 | F70: 0113 | G70: 31000 | I70: Osijek | J70: Vukovarska cesta 350, 31000 Osijek
A71: 70 | B71: Kobac Trans d.o.o. | C71: 89426776106 | D71: JOZSEF BALOG | E71: 05807506 | F71: 4941 | G71: 31000 | I71: OSIJEK | J71: Ribarska 10
A72: 71 | B72: Agro Adria International d.o.o. | C72: 07589119396 | D72: Alen Győrfi | E72: 04575342 | F72: 4690 | G72: 21300 | I72: Makarska | J72: Ante Starčevića 32, etaža B/21
A73: 72 | B73: WMD D.O.O. | C73: 79460530595 | D73: ILIJA ĐIVIĆ | E73: 02655314 | F73: 6311 | G73: 43000 | H73: 10078392 | I73: BJELOVAR | J73: Augustina Harambašića 10
A74: 73 | B74: BAR KOD SUSTAVI D.O.O. | C74: 63398969896 | D74: KREŠIMIR SERDAR | F74: 4919 | G74: 10000 | I74: ZAGREB | J74: Ulica Zlatka Šulentića 8
A75: 74 | B75: Auto limo-lak Amanović j.d.o.o. | C75: 97882739845 | D75: Matija Amanović | E75: 05792819 | G75: 31000 | I75: Osijek | J75: Travna 38
A76: 75 | B76: PORTO RUNKE j.d.o.o. | C76: 72434492423 | D76: Željko Stipić | E76: 05932238 | F76: 5630 | G76: 52100 | I76: Pula | J76: Kosova ulica 31, 52100 Pula
A77: 76 | B77: KREATIVNI KOLEKTIV j.d.o.o. | C77: 99919586642 | D77: Anton Brnečić | E77: 05963028 | F77: 5630 | G77: 52100 | I77: Pula | J77: Ulica Valcereš 7, 52100 Pula
A78: 77 | B78: ARISH J.D.O.O. | C78: 71338755879 | D78: KHOKON PRINCE | E78: 05796431 | F78: 7810 | G78: 31000 | I78: OSIJEK | J78: Josipa Jurja Strossmayera 105A
A79: 78 | B79: KHOKON J.D.O.O. | C79: 66801939221 | D79: KHOKON PRINCE | E79: 05843367 | F79: 4711 | G79: 31000 | I79: OSIJEK | J79: Josipa Jurja Strossmayera 105A
A80: 79 | B80: VivaPalazzo d.o.o. | C80: 93210368701 | D80: Gábor Kis-Simon | E80: 05997631 | F80: 4120 | G80: 31000 | H80: 30294798 | I80: Osijek | J80: Ribarska 10
A81: 80 | B81: Pavle Darojković | C81: 9280794793 | D81: Pavle Darojković | F81: 5590 | G81: 31000 | I81: Osijek | J81: Svilajska 9 , 31000 Osijek
A82: 81 | B82: Deep Construct j.d.o.o. | C82: 83403059410 | D82: Dr. Tamás Waitz | E82: 06005535 | F82: 4222 | G82: 31000 | I82: Osijek | J82: Ribarska 10
A83: 82 | B83: ALISCA BAU Zrt. - Podružnica Osijek | C83: 12424713159 | D83: Zoran Zsivovics | E83: 06007678 | F83: 4221 | G83: 31000 | I83: Osijek | J83: Ulica svetog Leopolda Bogdana Mandića 111M
A84: 83 | B84: 5sedmina j.d.o.o. | C84: 52257200443 | D84: Danijela Petrović | E84: 06039910 | F84: 6201 | G84: 31000 | H84: 3060481660 | I84: Osijek | J84: Kornatska 29, 31000 Osijek
A85: 84 | B85: SPEED BOX j.d.o.o. | C85: 36404257254 | D85: ALEKSA JURIĆ | E85: 06102034 | G85: 32236 | I85: Ilok | J85: Julia Benešića 32
A86: 85 | B86: DG-ELEKTRO J.D.O.O. | C86: 97057049112 | D86: Domagoj Grgurić, | E86: 6118704 | F86: 43.21.0 | G86: 51550 | I86: Mali Lošinj | J86: Vresikovo 25, Mali Lošinj
A87: 86 | B87: DALMATIA ASSET OPERATION D.O.O | C87: 54482863185 | D87: Zoltan Đulai | E87: 110102081 | I87: Tribunj | J87: Jurjevgradska ulica 2, Tribunj
A88: 87 | B88: CRUDA NAVITAS d.o.o. | C88: 92836050023 | D88: Adam Kazimierz Grom | F88: 46.19 | I88: Split | J88: Smiljanićeva 2
A89: 88 | B89: PopBor j.d.o.o. | C89: 24420062451 | D89: Boris Popović | E89: 06148913 | F89: 49.33,0 | G89: 3100 | I89: OSIJEK | J89: DONJODRASKA OBALA 20, 31000 OSIJEK
A90: 89 | B90: Nyugat epito KFT | C90: 70481698940 | D90: Görgky Zoltán | I90: VÖRÖSMARTY | J90: MIHÁLY UTCA, 0031,
A91: 90 | B91: HOKUS-OKUS MT j.d.o.o | C91: 28788779090 | D91: Mateo Glibo | E91: 5712068 | F91: 56.11.0 | G91: 3100 | I91: Osijek | J91: Županijska ulica 17
A92: 91 | B92: Sagitta Consulting d.o.o. | C92: 17653370550 | D92: Andoči Janoš | E92: 5222907 | F92: 70.22.0 | G92: 31309 | I92: Kneževi Vinogradi | J92: Ulica 8. marta 47
A93: 92 | B93: SUNERG OS D.O.O. | C93: 79614880677 | D93: Attila peli | G93: 3100 | I93: Osijek | J93: Ribarska 10
A94: 93 | B94: CLEANING FACILITY MANAGEMENT d.o.o. | C94: 81730765098 | D94: MICHAEL BAUER | I94: Oprtalj - Portole | J94: Ulica Matka Laginje 13
A95: 94 | B95: Studio031, vl. Alma Okanović | C95: 27380297470 | D95: Alma Okanović | E95: 98474677 | F95: 5141.13.3 | I95: Osijek | J95: Gornjodravska 90c

Sheet RADNICI
A1: RB /POD | B1: STATUS | C1: RB | D1: ŠIFRA POSL. | E1: NAZIV PODUZEĆA | F1: OIB PODUZEĆA | G1: Poslodavac | H1: Mjesto | I1: ADRESA POSLODAVCA | J1: IME RADNIKA | K1: RADI OD | L1: RADI DO | M1: OIB RADNIKA | N1: SPOL | O1: DATUM ROĐENJA | P1: MJESTO ROĐENJA | Q1: DRŽAVLJANSTVO | R1: PREBIVALIŠTE/ adresa | S1: DOZVOLA ZA BORAVAK I RAD | T1: OBRAZOVANJE | U1: POSEBNI ISPITI, TEČAJEVI | V1: ZANIMANJE | W1: VRSTA I NARAV RADA | X1: VRSTA UGOVORA | Y1: ODREĐENO DO DATUMA | Z1: VRSTA RADNOG VREMENA | AA1: BROJ SATI RADA TJEDNO | AB1: IBAN | AC1: DALI DOPRINOSI NA | AD1: POLOŽEN STRUČNI ISPIT | AE1: VRIJEME POLAGANJA STRUČNOG ISPITA | AF1: RAD U INOZEMSTVU | AG1: TRAJANJE RADA U INOZEMSTVU | AH1: DRŽAVA I MJESTO RADA | AI1: RAZLOG PRESTANKA RADNOG ODNOSA | AJ1: MAJČINSTVO/OČINSTVO | AK1: DOJENJE DJETETA | AL1: STATUS SAMOHRANOG RODITELJA | AM1: BRUTO | AN1: Column1 | AO1: NETO | AP1: CIPELARINE | AQ1: fiz ok | AR1: e-mail | AS1: UKUPNO DANA GODIŠNJEG ODMORA | AT1: BROJ DANA GOD. ODMORA 1. DIO | AU1: VRIJEME KORIŠTENJA 1. DIJELA GOD. ODM. | AV1: BROJ DANA GOD. ODMORA 2. DIO | AW1: VRIJEME KORIŠTENJA 2. DIJELA GOD. ODM.2 | AX1: DANI KORIŠTENJA GOD. ODM. U DOGOVORU SA POSLODAVCEM | AY1: ostalo | AZ1: STATUS | BA1: ŠIFRA
C2: 0 | D2: 1 | E2: Nimfus TM j.d.o.o. | F2: 40919552412 | G2: #REF! | H2: =VLOOKUP(D2,POSLODAVCI!$A$2:$J$107,9,0) -> Osijek | I2: J.J. Strossmayera 333, 31000 Osijek | J2: MAJA ZAGORAC | K2: 42655 | L2: 42735 | AZ2: =IF(L2>0,"NEAKTIVAN","AKTIVAN") -> NEAKTIVAN | BA2: =A2 -> 0
A3: 1 | B3: =IF(L3>0,"NEAKTIVAN","AKTIVAN") -> NEAKTIVAN | C3: =C2+1 -> 1 | D3: 3 | E3: =VLOOKUP(D3,Table3[[#All],[RB]:[OIB]],2,0) -> AGRO PMD d.o.o. | F3: =VLOOKUP(D3,Table3[],3,0) -> 09677499852 | G3: =VLOOKUP(D3,Table3[],4,0) -> Imre Bata | H3: =VLOOKUP(D3,POSLODAVCI!$A$2:$J$107,9,0) -> Osijek | I3: =VLOOKUP(D3,Table3[],10,0) -> Južno Pregrađe 38, Osijek | J3: DARINKA HUBER ŠIPEC | K3: 42807 | L3: 44018 | M3: 39112878817 | N3: Ž-ŽENSKO | O3: 30586 | P3: OSIJEK | Q3: HRVATSKO | R3: TENJA | S3: NE | T3: SSS | V3: ADMINISTRATOR | W3: ADMINISTRATOR | X3: NEODREĐENO | Z3: PUNO | AA3: 40 | AH3: Osijek | AL3: DA | AM3: 3276 | AP3: 789 | AZ3: =IF(L3>0,"NEAKTIVAN","AKTIVAN") -> NEAKTIVAN | BA3: =A3 -> 1
A4: 2 | B4: =IF(L4>0,"NEAKTIVAN","AKTIVAN") -> NEAKTIVAN | C4: =C3+1 -> 2 | D4: 3 | E4: =VLOOKUP(D4,Table3[[#All],[RB]:[OIB]],2,0) -> AGRO PMD d.o.o. | F4: =VLOOKUP(D4,Table3[],3,0) -> 09677499852 | G4: =VLOOKUP(D4,Table3[],4,0) -> Imre Bata | H4: =VLOOKUP(D4,POSLODAVCI!$A$2:$J$107,9,0) -> Osijek | I4: =VLOOKUP(D4,Table3[],10,0) -> Južno Pregrađe 38, Osijek | J4: NENAD BANIČEK | K4: 42767 | L4: 42855 | M4: 16492860682 | N4: M-MUŠKO | O4: 22460 | P4: OSIJEK | Q4: HRVATSKO | R4: OSIJEK | S4: NE | T4: SSS | V4: KOMERCIJALISTA | W4: KOMERCIJALA | X4: ODREĐENO | Y4: 42855 | Z4: PUNO | AA4: 40 | AH4: Osijek | AL4: NE | AM4: 3276 | AZ4: =IF(L4>0,"NEAKTIVAN","AKTIVAN") -> NEAKTIVAN | BA4: =A4 -> 2
A5: 3 | B5: =IF(L5>0,"NEAKTIVAN","AKTIVAN") -> NEAKTIVAN | C5: =C4+1 -> 3 | D5: 3 | E5: =VLOOKUP(D5,Table3[[#All],[RB]:[OIB]],2,0) -> AGRO PMD d.o.o. | F5: =VLOOKUP(D5,Table3[],3,0) -> 09677499852 | G5: =VLOOKUP(D5,Table3[],4,0) -> Imre Bata | H5: =VLOOKUP(D5,POSLODAVCI!$A$2:$J$107,9,0) -> Osijek | I5: =VLOOKUP(D5,Table3[],10,0) -> Južno Pregrađe 38, Osijek | J5: IVICA IVANOVIĆ | K5: 42762 | L5: 44377 | M5: 60374543571 | N5: M-MUŠKO | O5: 24809 | P5: POŽEGA | Q5: HRVATSKO | R5: FERIČANCI | S5: NE | T5: SSS | V5: KOMERCIJALIST | W5: KOMERCIJALA NA TERENU | X5: NEODREĐENO | Z5: PUNO | AA5: 40 | AH5: Osijek | AL5: NE | AM5: 5089.67 | AN5: 1 | AO5: 4000 | AS5: 20 | AZ5: =IF(L5>0,"NEAKTIVAN","AKTIVAN") -> NEAKTIVAN | BA5: =A5 -> 3
A6: 4 | B6: =IF(L6>0,"NEAKTIVAN","AKTIVAN") -> NEAKTIVAN | C6: =C5+1 -> 4 | D6: 3 | E6: =VLOOKUP(D6,Table3[[#All],[RB]:[OIB]],2,0) -> AGRO PMD d.o.o. | F6: =VLOOKUP(D6,Table3[],3,0) -> 09677499852 | G6: =VLOOKUP(D6,Table3[],4,0) -> Imre Bata | H6: =VLOOKUP(D6,POSLODAVCI!$A$2:$J$107,9,0) -> Osijek | I6: =VLOOKUP(D6,Table3[],10,0) -> Južno Pregrađe 38, Osijek | J6: DINKO BELEG | K6: 42731 | L6: 43220 | M6: 71227367665 | N6: M-MUŠKO | O6: 27165 | P6: ZAGREB | Q6: HRVATSKO | R6: SUHOPOLJE | S6: NE | T6: SSS | V6: KOMERCIJALIST | W6: KOMERCIJALA NA TERENU | X6: NEODREĐENO | Z6: PUNO | AA6: 40 | AH6: Osijek | AL6: NE | AM6: 3439.8 | AS6: 20 | AZ6: =IF(L6>0,"NEAKTIVAN","AKTIVAN") -> NEAKTIVAN | BA6: =A6 -> 4
A7: 5 | B7: =IF(L7>0,"NEAKTIVAN","AKTIVAN") -> NEAKTIVAN | C7: =C6+1 -> 5 | D7: 3 | E7: =VLOOKUP(D7,Table3[[#All],[RB]:[OIB]],2,0) -> AGRO PMD d.o.o. | F7: =VLOOKUP(D7,Table3[],3,0) -> 09677499852 | G7: =VLOOKUP(D7,Table3[],4,0) -> Imre Bata | H7: =VLOOKUP(D7,POSLODAVCI!$A$2:$J$107,9,0) -> Osijek | I7: =VLOOKUP(D7,Table3[],10,0) -> Južno Pregrađe 38, Osijek | J7: OSKAR ROMER | K7: 42731 | L7: 43343 | M7: 43576534952 | N7: M-MUŠKO | O7: 24923 | P7: OSIJEK | Q7: HRVATSKO | R7: SUZA | S7: NE | T7: SSS | V7: KOMERCIJALIST | W7: KOMERCIJALA NA TERENU | X7: NEODREĐENO | Z7: PUNO | AA7: 40 | AH7: Osijek | AL7: NE | AM7: 3820 | AS7: 20 | AZ7: =IF(L7>0,"NEAKTIVAN","AKTIVAN") -> NEAKTIVAN | BA7: =A7 -> 5
A8: 6 | B8: =IF(L8>0,"NEAKTIVAN","AKTIVAN") -> NEAKTIVAN | C8: =C7+1 -> 6 | D8: 3 | E8: =VLOOKUP(D8,Table3[[#All],[RB]:[OIB]],2,0) -> AGRO PMD d.o.o. | F8: =VLOOKUP(D8,Table3[],3,0) -> 09677499852 | G8: =VLOOKUP(D8,Table3[],4,0) -> Imre Bata | H8: =VLOOKUP(D8,POSLODAVCI!$A$2:$J$107,9,0) -> Osijek | I8: =VLOOKUP(D8,Table3[],10,0) -> Južno Pregrađe 38, Osijek | J8: IVAN KOVAČEVIĆ | K8: 42762 | L8: 42944 | M8: 92077518820 | N8: M-MUŠKO | O8: 30146 | P8: VILJEVO | Q8: HRVATSKO | R8: VILJEVO | S8: NE | T8: SSS | V8: KOMERCIJALIST | W8: KOMERCIJALA NA TERENU | X8: NEODREĐENO | Z8: nepuno | AA8: 20 | AH8: Osijek | AL8: NE | AM8: 3276 | AZ8: =IF(L8>0,"NEAKTIVAN","AKTIVAN") -> NEAKTIVAN | BA8: =A8 -> 6
A9: 1 | B9: =IF(L9>0,"NEAKTIVAN","AKTIVAN") -> NEAKTIVAN | C9: =C8+1 -> 7 | D9: 6 | E9: =VLOOKUP(D9,Table3[[#All],[RB]:[OIB]],2,0) -> Promo Top d.o.o. | F9: =VLOOKUP(D9,Table3[],3,0) -> 28718529165 | G9: =VLOOKUP(D9,Table3[],4,0) -> Anita Szalai | H9: =VLOOKUP(D9,POSLODAVCI!$A$2:$J$107,9,0) -> Osijek | I9: =VLOOKUP(D9,Table3[],10,0) -> J.J. Strossmayera 333, 31000 Osijek | J9: Marina Nikšić | K9: 43026 | L9: 43100 | M9: 60253869864 | N9: Ž-ŽENSKO | O9: 30322 | P9: Osijek | Q9: HRVATSKO | R9: Frankopanska 190, Osijek | S9: NE | T9: SSS | V9: Telefonist-operater u call c. | W9: Telefonist-operater u call c. | X9: NEODREĐENO | Z9: PUNO | AA9: 40 | AH9: Osijek | AL9: NE | AM9: 3276 | AN9: 1 | AO9: 2620.8 | AS9: 5 | AV9: 8 | AW9: 18.12.2017.-29.12.2017. | AY9: =AS9-AT9-AX9-AV9 -> -3 | AZ9: =IF(L9>0,"NEAKTIVAN","AKTIVAN") -> NEAKTIVAN | BA9: =A9 -> 1
A10: 2 | B10: =IF(L10>0,"NEAKTIVAN","AKTIVAN") -> NEAKTIVAN | C10: =C9+1 -> 8 | D10: 6 | E10: =VLOOKUP(D10,Table3[[#All],[RB]:[OIB]],2,0) -> Promo Top d.o.o. | F10: =VLOOKUP(D10,Table3[],3,0) -> 28718529165 | G10: =VLOOKUP(D10,Table3[],4,0) -> Anita Szalai | H10: =VLOOKUP(D10,POSLODAVCI!$A$2:$J$107,9,0) -> Osijek | I10: =VLOOKUP(D10,Table3[],10,0) -> J.J. Strossmayera 333, 31000 Osijek | J10: Dalibor Kralj | K10: 43027 | L10: 43046 | M10: 66048944249 | N10: M-MUŠKO | O10: 29884 | P10: Osijek | Q10: HRVATSKO | R10: Sjenjak 48, Osijek | S10: NE | T10: SSS | V10: Telefonist-operater u call c. | W10: Telefonist-operater u call c. | X10: NEODREĐENO | Z10: PUNO | AA10: 40 | AH10: Osijek | AL10: NE | AM10: 3276 | AN10: 1 | AO10: 2620.8 | AS10: 5 | AV10: 9 | AW10: 18.12.2017.-02.01.2018. | AY10: =AS10-AT10-AX10-AV10 -> -4 | AZ10: =IF(L10>0,"NEAKTIVAN","AKTIVAN") -> NEAKTIVAN | BA10: =A10 -> 2
A11: 3 | B11: =IF(L11>0,"NEAKTIVAN","AKTIVAN") -> NEAKTIVAN | C11: =C10+1 -> 9 | D11: 6 | E11: =VLOOKUP(D11,Table3[[#All],[RB]:[OIB]],2,0) -> Promo Top d.o.o. | F11: =VLOOKUP(D11,Table3[],3,0) -> 28718529165 | G11: =VLOOKUP(D11,Table3[],4,0) -> Anita Szalai | H11: =VLOOKUP(D11,POSLODAVCI!$A$2:$J$107,9,0) -> Osijek | I11: =VLOOKUP(D11,Table3[],10,0) -> J.J. Strossmayera 333, 31000 Osijek | J11: Petar Prpić | K11: 43033 | L11: 43048 | M11: 67658425556 | N11: M-MUŠKO | O11: 35149 | P11: Zagreb | Q11: HRVATSKO | R11: Jovana Gojkovića 6 A, Osijek | S11: NE | T11: SSS | V11: Trgovački dem. i prodavač | W11: Trgovački dem. i prodavač | X11: NEODREĐENO | Z11: PUNO | AA11: 40 | AH11: RAZNA MJESTA | AL11: NE | AM11: 4375 | AN11: 1 | AO11: 3500 | AS11: 4 | AV11: 9 | AW11: 18.12.2017.-02.01.2018. | AY11: =AS11-AT11-AX11-AV11 -> -5 | AZ11: =IF(L11>0,"NEAKTIVAN","AKTIVAN") -> NEAKTIVAN | BA11: =A11 -> 3
A12: 4 | B12: =IF(L12>0,"NEAKTIVAN","AKTIVAN") -> NEAKTIVAN | C12: =C11+1 -> 10 | D12: 6 | E12: =VLOOKUP(D12,Table3[[#All],[RB]:[OIB]],2,0) -> Promo Top d.o.o. | F12: =VLOOKUP(D12,Table3[],3,0) -> 28718529165 | G12: =VLOOKUP(D12,Table3[],4,0) -> Anita Szalai | H12: =VLOOKUP(D12,POSLODAVCI!$A$2:$J$107,9,0) -> Osijek | I12: =VLOOKUP(D12,Table3[],10,0) -> J.J. Strossmayera 333, 31000 Osijek | J12: Filip Tadić | K12: 43033 | L12: 43100 | M12: 18058630382 | N12: M-MUŠKO | O12: 34896 | P12: Osijek | Q12: HRVATSKO | R12: I.G. Kovačića 25, Donji Miholjac | S12: NE | T12: SSS | V12: Trgovački dem. i prodavač | W12: Trgovački dem. i prodavač | X12: NEODREĐENO | Z12: PUNO | AA12: 40 | AH12: RAZNA MJESTA | AL12: NE | AM12: 4375 | AN12: 1 | AO12: 3500 | AS12: 4 | AV12: 9 | AW12: 18.12.2017.-02.01.2018. | AY12: =AS12-AT12-AX12-AV12 -> -5 | AZ12: =IF(L12>0,"NEAKTIVAN","AKTIVAN") -> NEAKTIVAN | BA12: =A12 -> 4
A13: 5 | B13: =IF(L13>0,"NEAKTIVAN","AKTIVAN") -> NEAKTIVAN | C13: =C12+1 -> 11 | D13: 6 | E13: =VLOOKUP(D13,Table3[[#All],[RB]:[OIB]],2,0) -> Promo Top d.o.o. | F13: =VLOOKUP(D13,Table3[],3,0) -> 28718529165 | G13: =VLOOKUP(D13,Table3[],4,0) -> Anita Szalai | H13: =VLOOKUP(D13,POSLODAVCI!$A$2:$J$107,9,0) -> Osijek | I13: =VLOOKUP(D13,Table3[],10,0) -> J.J. Strossmayera 333, 31000 Osijek | J13: Marijana Rukavina | K13: 43035 | L13: 43100 | M13: 09559707905 | N13: Ž-ŽENSKO | O13: 32267 | P13: Osijek | Q13: HRVATSKO | R13: Duga Ulica 9, Briješće, Osijek | S13: NE | T13: SSS | V13: Telefonist-operater u call c. | W13: Telefonist-operater u call c. | X13: NEODREĐENO | Z13: PUNO | AA13: 40 | AH13: Osijek | AL13: NE | AM13: 3276 | AN13: 1 | AO13: 2620.8 | AS13: 4 | AV13: 8 | AW13: 18.12.2017.-29.12.2017. | AY13: =AS13-AT13-AX13-AV13 -> -4 | AZ13: =IF(L13>0,"NEAKTIVAN","AKTIVAN") -> NEAKTIVAN | BA13: =A13 -> 5
A14: 6 | B14: =IF(L14>0,"NEAKTIVAN","AKTIVAN") -> NEAKTIVAN | C14: =C13+1 -> 12 | D14: 6 | E14: =VLOOKUP(D14,Table3[[#All],[RB]:[OIB]],2,0) -> Promo Top d.o.o. | F14: =VLOOKUP(D14,Table3[],3,0) -> 28718529165 | G14: =VLOOKUP(D14,Table3[],4,0) -> Anita Szalai | H14: =VLOOKUP(D14,POSLODAVCI!$A$2:$J$107,9,0) -> Osijek | I14: =VLOOKUP(D14,Table3[],10,0) -> J.J. Strossmayera 333, 31000 Osijek | J14: Ana Jozić | K14: 43038 | L14: 43100 | M14: 20112988151 | N14: Ž-ŽENSKO | O14: 29478 | P14: Travnik, BIH | Q14: HRVATSKO | R14: Luke Botić 25, Tenja | S14: NE | T14: VSS | V14: Telefonist-operater u call c. | W14: Telefonist-operater u call c. | X14: NEODREĐENO | Z14: PUNO | AA14: 40 | AH14: Osijek | AL14: NE | AM14: 3276 | AN14: 1 | AO14: 2620.8 | AS14: 4 | AV14: 8 | AW14: 18.12.2017.-29.12.2017. | AY14: =AS14-AT14-AX14-AV14 -> -4 | AZ14: =IF(L14>0,"NEAKTIVAN","AKTIVAN") -> NEAKTIVAN | BA14: =A14 -> 6
A15: 7 | B15: =IF(L15>0,"NEAKTIVAN","AKTIVAN") -> NEAKTIVAN | C15: =C14+1 -> 13 | D15: 6 | E15: =VLOOKUP(D15,Table3[[#All],[RB]:[OIB]],2,0) -> Promo Top d.o.o. | F15: =VLOOKUP(D15,Table3[],3,0) -> 28718529165 | G15: =VLOOKUP(D15,Table3[],4,0) -> Anita Szalai | H15: =VLOOKUP(D15,POSLODAVCI!$A$2:$J$107,9,0) -> Osijek | I15: =VLOOKUP(D15,Table3[],10,0) -> J.J. Strossmayera 333, 31000 Osijek | J15: Andrea Bošnjak | K15: 43041 | L15: 43100 | M15: 46438404550 | N15: Ž-ŽENSKO | O15: 32241 | P15: Osijek | Q15: HRVATSKO | R15: Duga 50 A, Ivanovac, Antunovac | S15: NE | T15: SSS | V15: Telefonist-operater u call c. | W15: Telefonist-operater u call c. | X15: NEODREĐENO | Z15: PUNO | AA15: 40 | AH15: Osijek | AL15: NE | AM15: 3276 | AN15: 1 | AO15: 2620.8 | AS15: 4 | AV15: 8 | AW15: 18.12.2017.-29.12.2017. | AY15: =AS15-AT15-AX15-AV15 -> -4 | AZ15: =IF(L15>0,"NEAKTIVAN","AKTIVAN") -> NEAKTIVAN | BA15: =A15 -> 7
A16: 8 | B16: =IF(L16>0,"NEAKTIVAN","AKTIVAN") -> NEAKTIVAN | C16: =C15+1 -> 14 | D16: 6 | E16: =VLOOKUP(D16,Table3[[#All],[RB]:[OIB]],2,0) -> Promo Top d.o.o. | F16: =VLOOKUP(D16,Table3[],3,0) -> 28718529165 | G16: =VLOOKUP(D16,Table3[],4,0) -> Anita Szalai | H16: =VLOOKUP(D16,POSLODAVCI!$A$2:$J$107,9,0) -> Osijek | I16: =VLOOKUP(D16,Table3[],10,0) -> J.J. Strossmayera 333, 31000 Osijek | J16: Darija Tutić | K16: 43041 | L16: 43100 | M16: 01420891136 | N16: Ž-ŽENSKO | O16: 34792 | P16: Osijek | Q16: HRVATSKO | R16: Sjenjak 46, Osijek | S16: NE | T16: SSS | V16: Telefonist-operater u call c. | W16: Telefonist-operater u call c. | X16: NEODREĐENO | Z16: PUNO | AA16: 40 | AH16: Osijek | AL16: NE | AM16: 3276 | AN16: 1 | AO16: 2620.8 | AS16: 4 | AV16: 8 | AW16: 18.12.2017.-29.12.2017. | AY16: =AS16-AT16-AX16-AV16 -> -4 | AZ16: =IF(L16>0,"NEAKTIVAN","AKTIVAN") -> NEAKTIVAN | BA16: =A16 -> 8
A17: 9 | B17: =IF(L17>0,"NEAKTIVAN","AKTIVAN") -> NEAKTIVAN | C17: =C16+1 -> 15 | D17: 6 | E17: =VLOOKUP(D17,Table3[[#All],[RB]:[OIB]],2,0) -> Promo Top d.o.o. | F17: =VLOOKUP(D17,Table3[],3,0) -> 28718529165 | G17: =VLOOKUP(D17,Table3[],4,0) -> Anita Szalai | H17: =VLOOKUP(D17,POSLODAVCI!$A$2:$J$107,9,0) -> Osijek | I17: =VLOOKUP(D17,Table3[],10,0) -> J.J. Strossmayera 333, 31000 Osijek | J17: Maja Vidaković | K17: 43042 | L17: 43100 | M17: 71740309634 | N17: Ž-ŽENSKO | O17: 32684 | P17: Osijek | Q17: HRVATSKO | R17: Umaška 8, Osijek | S17: NE | T17: SSS | V17: Telefonist-operater u call c. | W17: Telefonist-operater u call c. | X17: NEODREĐENO | Z17: PUNO | AA17: 40 | AH17: Osijek | AL17: NE | AM17: 3276 | AN17: 1 | AO17: 2620.8 | AS17: 4 | AV17: 8 | AW17: 18.12.2017.-31.12.2017. | AY17: =AS17-AT17-AX17-AV17 -> -4 | AZ17: =IF(L17>0,"NEAKTIVAN","AKTIVAN") -> NEAKTIVAN | BA17: =A17 -> 9
A18: 10 | B18: =IF(L18>0,"NEAKTIVAN","AKTIVAN") -> NEAKTIVAN | C18: =C17+1 -> 16 | D18: 6 | E18: =VLOOKUP(D18,Table3[[#All],[RB]:[OIB]],2,0) -> Promo Top d.o.o. | F18: =VLOOKUP(D18,Table3[],3,0) -> 28718529165 | G18: =VLOOKUP(D18,Table3[],4,0) -> Anita Szalai | H18: =VLOOKUP(D18,POSLODAVCI!$A$2:$J$107,9,0) -> Osijek | I18: =VLOOKUP(D18,Table3[],10,0) -> J.J. Strossmayera 333, 31000 Osijek | J18: Filip Mazur | K18: 43045 | L18: 43067 | M18: 17153736363 | N18: M-MUŠKO | O18: 33024 | P18: Osijek | Q18: HRVATSKO | R18: Ulica Augusta Šenoe 7, Bizovac | S18: NE | T18: SSS | V18: Telefonist-operater u call c. | W18: Telefonist-operater u call c. | X18: NEODREĐENO | Z18: PUNO | AA18: 40 | AH18: Osijek | AL18: NE | AM18: 3276 | AO18: 2620.8 | AS18: 3 | AV18: 9 | AW18: 18.12.2017.-02.01.2018. | AY18: =AS18-AT18-AX18-AV18 -> -6 | AZ18: =IF(L18>0,"NEAKTIVAN","AKTIVAN") -> NEAKTIVAN | BA18: =A18 -> 10
A19: 11 | B19: =IF(L19>0,"NEAKTIVAN","AKTIVAN") -> NEAKTIVAN | C19: =C18+1 -> 17 | D19: 6 | E19: =VLOOKUP(D19,Table3[[#All],[RB]:[OIB]],2,0) -> Promo Top d.o.o. | F19: =VLOOKUP(D19,Table3[],3,0) -> 28718529165 | G19: =VLOOKUP(D19,Table3[],4,0) -> Anita Szalai | H19: =VLOOKUP(D19,POSLODAVCI!$A$2:$J$107,9,0) -> Osijek | I19: =VLOOKUP(D19,Table3[],10,0) -> J.J. Strossmayera 333, 31000 Osijek | J19: Klaudia Kišpal | K19: 43052 | L19: 43100 | M19: 04752700030 | N19: Ž-ŽENSKO | O19: 36145 | P19: Osijek | Q19: HRVATSKO | R19: Petefi Šandora 33, Kotlina, Kneževi Vinogradi | S19: NE | T19: SSS | V19: Trgovački dem. i prodavač | W19: Trgovački dem. i prodavač | X19: NEODREĐENO | Z19: PUNO | AA19: 40 | AH19: Osijek | AL19: NE | AM19: 3750 | AN19: 1 | AO19: 3000 | AS19: 3 | AV19: 9 | AW19: 18.12.2017.-02.01.2018. | AY19: =AS19-AT19-AX19-AV19 -> -6 | AZ19: =IF(L19>0,"NEAKTIVAN","AKTIVAN") -> NEAKTIVAN | BA19: =A19 -> 11
A20: 12 | B20: =IF(L20>0,"NEAKTIVAN","AKTIVAN") -> NEAKTIVAN | C20: =C19+1 -> 18 | D20: 6 | E20: =VLOOKUP(D20,Table3[[#All],[RB]:[OIB]],2,0) -> Promo Top d.o.o. | F20: =VLOOKUP(D20,Table3[],3,0) -> 28718529165 | G20: =VLOOKUP(D20,Table3[],4,0) -> Anita Szalai | H20: =VLOOKUP(D20,POSLODAVCI!$A$2:$J$107,9,0) -> Osijek | I20: =VLOOKUP(D20,Table3[],10,0) -> J.J. Strossmayera 333, 31000 Osijek | J20: Alen Vidaković | K20: 43055 | L20: 43100 | M20: 09788459842 | N20: M-MUŠKO | O20: 33546 | P20: Našice | Q20: HRVATSKO | R20: Kolodvorska 78 A, Feričanci | S20: NE | T20: VŠS | V20: Telefonist-operater u call c. | W20: Telefonist-operater u call c. | X20: NEODREĐENO | Z20: PUNO | AA20: 40 | AH20: Osijek | AL20: NE | AM20: 3276 | AN20: 1 | AO20: 2620.8 | AS20: 3 | AV20: 8 | AW20: 18.12.2017.-29.12.2017. | AY20: =AS20-AT20-AX20-AV20 -> -5 | AZ20: =IF(L20>0,"NEAKTIVAN","AKTIVAN") -> NEAKTIVAN | BA20: =A20 -> 12
A21: 13 | B21: =IF(L21>0,"NEAKTIVAN","AKTIVAN") -> NEAKTIVAN | C21: =C20+1 -> 19 | D21: 6 | E21: =VLOOKUP(D21,Table3[[#All],[RB]:[OIB]],2,0) -> Promo Top d.o.o. | F21: =VLOOKUP(D21,Table3[],3,0) -> 28718529165 | G21: =VLOOKUP(D21,Table3[],4,0) -> Anita Szalai | H21: =VLOOKUP(D21,POSLODAVCI!$A$2:$J$107,9,0) -> Osijek | I21: =VLOOKUP(D21,Table3[],10,0) -> J.J. Strossmayera 333, 31000 Osijek | J21: Marijan Pribisalić | K21: 43066 | L21: 43100 | M21: 19240198595 | N21: M-MUŠKO | O21: 35985 | P21: Osijek | Q21: HRVATSKO | R21: Krstova 6, Osijek | S21: NE | T21: SSS | V21: Trgovački dem. i prodavač | W21: Trgovački dem. i prodavač | X21: NEODREĐENO | Z21: PUNO | AA21: 40 | AH21: Osijek | AL21: NE | AM21: 3750 | AN21: 1 | AO21: 3000 | AY21: =AS21-AT21-AX21-AV21 -> 0 | AZ21: =IF(L21>0,"NEAKTIVAN","AKTIVAN") -> NEAKTIVAN | BA21: =A21 -> 13
A22: 14 | B22: =IF(L22>0,"NEAKTIVAN","AKTIVAN") -> NEAKTIVAN | C22: =C21+1 -> 20 | D22: 6 | E22: =VLOOKUP(D22,Table3[[#All],[RB]:[OIB]],2,0) -> Promo Top d.o.o. | F22: =VLOOKUP(D22,Table3[],3,0) -> 28718529165 | G22: =VLOOKUP(D22,Table3[],4,0) -> Anita Szalai | H22: =VLOOKUP(D22,POSLODAVCI!$A$2:$J$107,9,0) -> Osijek | I22: =VLOOKUP(D22,Table3[],10,0) -> J.J. Strossmayera 333, 31000 Osijek | J22: Rudolf Gergelj | K22: 43070 | L22: 43100 | M22: 60536718657 | N22: M-MUŠKO | O22: 26834 | Q22: HRVATSKO | R22: Ivana Meštrovića 43, Darda | S22: NE | T22: SSS | V22: Poslovođa | W22: Poslovođa | X22: NEODREĐENO | Z22: PUNO | AA22: 40 | AH22: Osijek | AL22: NE | AM22: 7590.92 | AO22: 5500 | AY22: =AS22-AT22-AX22-AV22 -> 0 | AZ22: =IF(L22>0,"NEAKTIVAN","AKTIVAN") -> NEAKTIVAN | BA22: =A22 -> 14
A23: 2 | B23: =IF(L23>0,"NEAKTIVAN","AKTIVAN") -> AKTIVAN | C23: =C22+1 -> 21 | E23: =VLOOKUP(D23,Table3[[#All],[RB]:[OIB]],2,0) -> #N/A | F23: =VLOOKUP(D23,Table3[],3,0) -> #N/A | G23: =VLOOKUP(D23,Table3[],4,0) -> #N/A | H23: =VLOOKUP(D23,POSLODAVCI!$A$2:$J$107,9,0) -> #N/A | I23: =VLOOKUP(D23,Table3[],10,0) -> #N/A | BA23: 1
A24: 1 | B24: =IF(L24>0,"NEAKTIVAN","AKTIVAN") -> NEAKTIVAN | C24: =C23+1 -> 22 | D24: 9 | E24: =VLOOKUP(D24,Table3[[#All],[RB]:[OIB]],2,0) -> WAX D.O.O | F24: =VLOOKUP(D24,Table3[],3,0) -> 46869408875 | G24: =VLOOKUP(D24,Table3[],4,0) -> Rudolf Gergelj | H24: =VLOOKUP(D24,POSLODAVCI!$A$2:$J$107,9,0) -> Osijek | I24: =VLOOKUP(D24,Table3[],10,0) -> J.J. Strossmayera 333, 31000 Osijek | J24: Teodora Balog Denih | K24: 43101 | L24: 43244 | M24: 38288739117 | N24: Ž-ŽENSKO | O24: 24943 | P24: Osijek | Q24: HRVATSKO | R24: Maršala Tita 132., Zmajevac | S24: NE | T24: SSS | V24: Trgovački dem. i prodavač | W24: Trgovački dem. i prodavač | X24: NEODREĐENO | Z24: PUNO | AA24: 40 | AH24: Osijek | AL24: NE | AM24: 8426.46 | AN24: 1 | AO24: 6000 | AS24: 20 | AT24: 12 | AU24: 28.07.2018-15.08.2018 | AV24: 12 | AW24: 14.12.2018-31.12.2018 | AY24: 0 | AZ24: =IF(L24>0,"NEAKTIVAN","AKTIVAN") -> NEAKTIVAN | BA24: 2
A25: 2 | B25: =IF(L25>0,"NEAKTIVAN","AKTIVAN") -> NEAKTIVAN | C25: =C24+1 -> 23 | D25: 9 | E25: =VLOOKUP(D25,Table3[[#All],[RB]:[OIB]],2,0) -> WAX D.O.O | F25: =VLOOKUP(D25,Table3[],3,0) -> 46869408875 | G25: =VLOOKUP(D25,Table3[],4,0) -> Rudolf Gergelj | H25: =VLOOKUP(D25,POSLODAVCI!$A$2:$J$107,9,0) -> Osijek | I25: =VLOOKUP(D25,Table3[],10,0) -> J.J. Strossmayera 333, 31000 Osijek | J25: Laszlo Šipoš | K25: 43101 | L25: 43244 | M25: 92132715760 | N25: M-MUŠKO | O25: 34038 | P25: Osijek | Q25: HRVATSKO | R25: Šandora Petefija 57. Zmajevac | S25: NE | T25: SSS | V25: Trgovački dem. i prodavač | W25: Trgovački dem. i prodavač | X25: NEODREĐENO | Z25: PUNO | AA25: 40 | AH25: Osijek | AL25: NE | AM25: 3750 | AN25: 1 | AO25: 3000 | AP25: 2100 | AS25: 20 | AT25: 12 | AU25: 28.07.2018-15.08.2018 | AV25: 12 | AW25: 14.12.2018-31.12.2018 | AY25: 0 | AZ25: =IF(L25>0,"NEAKTIVAN","AKTIVAN") -> NEAKTIVAN | BA25: 3
A26: 3 | B26: =IF(L26>0,"NEAKTIVAN","AKTIVAN") -> NEAKTIVAN | C26: =C25+1 -> 24 | D26: 9 | E26: =VLOOKUP(D26,Table3[[#All],[RB]:[OIB]],2,0) -> WAX D.O.O | F26: =VLOOKUP(D26,Table3[],3,0) -> 46869408875 | G26: =VLOOKUP(D26,Table3[],4,0) -> Rudolf Gergelj | H26: =VLOOKUP(D26,POSLODAVCI!$A$2:$J$107,9,0) -> Osijek | I26: =VLOOKUP(D26,Table3[],10,0) -> J.J. Strossmayera 333, 31000 Osijek | J26: Sanela Bakač | K26: 43101 | L26: 43244 | M26: 24461973764 | N26: Ž-ŽENSKO | O26: 34039 | P26: Osijek | Q26: HRVATSKO | R26: J.Pannoniusa 9., Branjin Vrh | S26: NE | T26: SSS | V26: Trgovački dem. i prodavač | W26: Trgovački dem. i prodavač | X26: NEODREĐENO | Z26: PUNO | AA26: 40 | AH26: Osijek | AL26: NE | AM26: 3750 | AN26: 1 | AO26: 3000 | AP26: 600 | AS26: 20 | AT26: 12 | AU26: 28.07.2018-15.08.2018 | AV26: 12 | AW26: 14.12.2018-31.12.2018 | AY26: 0 | AZ26: =IF(L26>0,"NEAKTIVAN","AKTIVAN") -> NEAKTIVAN | BA26: 4
A27: 4 | B27: =IF(L27>0,"NEAKTIVAN","AKTIVAN") -> NEAKTIVAN | C27: =C26+1 -> 25 | D27: 9 | E27: =VLOOKUP(D27,Table3[[#All],[RB]:[OIB]],2,0) -> WAX D.O.O | F27: =VLOOKUP(D27,Table3[],3,0) -> 46869408875 | G27: =VLOOKUP(D27,Table3[],4,0) -> Rudolf Gergelj | H27: =VLOOKUP(D27,POSLODAVCI!$A$2:$J$107,9,0) -> Osijek | I27: =VLOOKUP(D27,Table3[],10,0) -> J.J. Strossmayera 333, 31000 Osijek | J27: Valentin Šipoš | K27: 43101 | L27: 43244 | M27: 22044787722 | N27: M-MUŠKO | O27: 34040 | P27: Osijek | Q27: HRVATSKO | R27: Glavna 100., Podolje | S27: NE | T27: SSS | V27: Trgovački dem. i prodavač | W27: Trgovački dem. i prodavač | X27: NEODREĐENO | Z27: PUNO | AA27: 40 | AH27: Osijek | AL27: NE | AM27: 3750 | AN27: 1 | AO27: 3000 | AP27: 1000 | AS27: 20 | AT27: 12 | AU27: 28.07.2018-15.08.2018 | AV27: 12 | AW27: 14.12.2018-31.12.2018 | AY27: 0 | AZ27: =IF(L27>0,"NEAKTIVAN","AKTIVAN") -> NEAKTIVAN | BA27: 5
A28: 5 | B28: =IF(L28>0,"NEAKTIVAN","AKTIVAN") -> NEAKTIVAN | C28: =C27+1 -> 26 | D28: 9 | E28: =VLOOKUP(D28,Table3[[#All],[RB]:[OIB]],2,0) -> WAX D.O.O | F28: =VLOOKUP(D28,Table3[],3,0) -> 46869408875 | G28: =VLOOKUP(D28,Table3[],4,0) -> Rudolf Gergelj | H28: =VLOOKUP(D28,POSLODAVCI!$A$2:$J$107,9,0) -> Osijek | I28: =VLOOKUP(D28,Table3[],10,0) -> J.J. Strossmayera 333, 31000 Osijek | J28: Jasmin Horvat | K28: 43101 | L28: 43244 | M28: 45227899437 | N28: M-MUŠKO | O28: 34041 | P28: Osijek | Q28: HRVATSKO | R28: Maršala Tita 129., Suza | S28: NE | T28: SSS | V28: Trgovački dem. i prodavač | W28: Trgovački dem. i prodavač | X28: NEODREĐENO | Z28: PUNO | AA28: 40 | AH28: Osijek | AL28: NE | AM28: 3750 | AN28: 1 | AO28: 3000 | AP28: 2000 | AS28: 20 | AT28: 12 | AU28: 28.07.2018-15.08.2018 | AV28: 12 | AW28: 14.12.2018-31.12.2018 | AY28: 0 | AZ28: =IF(L28>0,"NEAKTIVAN","AKTIVAN") -> NEAKTIVAN | BA28: 6
A29: 6 | B29: =IF(L29>0,"NEAKTIVAN","AKTIVAN") -> NEAKTIVAN | C29: =C28+1 -> 27 | D29: 9 | E29: =VLOOKUP(D29,Table3[[#All],[RB]:[OIB]],2,0) -> WAX D.O.O | F29: =VLOOKUP(D29,Table3[],3,0) -> 46869408875 | G29: =VLOOKUP(D29,Table3[],4,0) -> Rudolf Gergelj | H29: =VLOOKUP(D29,POSLODAVCI!$A$2:$J$107,9,0) -> Osijek | I29: =VLOOKUP(D29,Table3[],10,0) -> J.J. Strossmayera 333, 31000 Osijek | J29: Matej Stanić | K29: 43101 | L29: 43220 | M29: 25820706885 | N29: M-MUŠKO | O29: 34048 | P29: Osijek | Q29: HRVATSKO | R29: Josipa Kozarca 25., Višnjevac | S29: NE | T29: SSS | V29: Trgovački dem. i prodavač | W29: Trgovački dem. i prodavač | X29: NEODREĐENO | Z29: PUNO | AA29: 40 | AH29: Osijek | AL29: NE | AM29: 3750 | AN29: 1 | AO29: 3000 | AP29: 100 | AS29: 20 | AT29: 12 | AU29: 28.07.2018-15.08.2018 | AV29: 12 | AW29: 14.12.2018-31.12.2018 | AY29: 0 | AZ29: =IF(L29>0,"NEAKTIVAN","AKTIVAN") -> NEAKTIVAN | BA29: 13
A30: 7 | B30: =IF(L30>0,"NEAKTIVAN","AKTIVAN") -> NEAKTIVAN | C30: =C29+1 -> 28 | D30: 9 | E30: =VLOOKUP(D30,Table3[[#All],[RB]:[OIB]],2,0) -> WAX D.O.O | F30: =VLOOKUP(D30,Table3[],3,0) -> 46869408875 | G30: =VLOOKUP(D30,Table3[],4,0) -> Rudolf Gergelj | H30: =VLOOKUP(D30,POSLODAVCI!$A$2:$J$107,9,0) -> Osijek | I30: =VLOOKUP(D30,Table3[],10,0) -> J.J. Strossmayera 333, 31000 Osijek | J30: Marija Škrbić | K30: 43101 | L30: 43202 | M30: 32205914112 | N30: Ž-ŽENSKO | O30: 34327 | P30: Osijek | Q30: HRVATSKO | R30: Adolfa Waldingera 4 | S30: NE | T30: SSS | V30: Trgovački dem. i prodavač | W30: Trgovački dem. i prodavač | X30: NEODREĐENO | Z30: PUNO | AA30: 40 | AH30: Osijek | AL30: NE | AM30: 4375 | AN30: 1 | AO30: 3500 | AS30: 20 | AT30: 12 | AU30: 28.07.2018-15.08.2018 | AV30: 12 | AW30: 14.12.2018-31.12.2018 | AY30: 0 | AZ30: =IF(L30>0,"NEAKTIVAN","AKTIVAN") -> NEAKTIVAN | BA30: 14
A31: 8 | B31: =IF(L31>0,"NEAKTIVAN","AKTIVAN") -> NEAKTIVAN | C31: =C30+1 -> 29 | D31: 9 | E31: =VLOOKUP(D31,Table3[[#All],[RB]:[OIB]],2,0) -> WAX D.O.O | F31: =VLOOKUP(D31,Table3[],3,0) -> 46869408875 | G31: =VLOOKUP(D31,Table3[],4,0) -> Rudolf Gergelj | H31: =VLOOKUP(D31,POSLODAVCI!$A$2:$J$107,9,0) -> Osijek | I31: =VLOOKUP(D31,Table3[],10,0) -> J.J. Strossmayera 333, 31000 Osijek | J31: Nikola Filipović | K31: 43101 | L31: 43220 | M31: 91608925694 | N31: M-MUŠKO | O31: 34051 | P31: Osijek | Q31: HRVATSKO | R31: Školska 52. | S31: NE | T31: SSS | V31: Trgovački dem. i prodavač | W31: Trgovački dem. i prodavač | X31: NEODREĐENO | Z31: PUNO | AA31: 40 | AH31: Osijek | AL31: NE | AM31: 3750 | AN31: 1 | AO31: 3000 | AP31: 500 | AS31: 20 | AT31: 12 | AU31: 28.07.2018-15.08.2018 | AV31: 12 | AW31: 14.12.2018-31.12.2018 | AY31: 0 | AZ31: =IF(L31>0,"NEAKTIVAN","AKTIVAN") -> NEAKTIVAN | BA31: 16
A32: 9 | B32: =IF(L32>0,"NEAKTIVAN","AKTIVAN") -> NEAKTIVAN | C32: =C31+1 -> 30 | D32: 9 | E32: =VLOOKUP(D32,Table3[[#All],[RB]:[OIB]],2,0) -> WAX D.O.O | F32: =VLOOKUP(D32,Table3[],3,0) -> 46869408875 | G32: =VLOOKUP(D32,Table3[],4,0) -> Rudolf Gergelj | H32: =VLOOKUP(D32,POSLODAVCI!$A$2:$J$107,9,0) -> Osijek | I32: =VLOOKUP(D32,Table3[],10,0) -> J.J. Strossmayera 333, 31000 Osijek | J32: Mirjana Nađ | K32: 43101 | L32: 43251 | M32: 00951235574 | N32: M-MUŠKO | O32: 34053 | P32: Osijek | Q32: HRVATSKO | R32: Vijenac Petrove Gore 13 | S32: NE | T32: SSS | V32: Telefonist-operater u call c. | W32: Telefonist-operater u call c. | X32: NEODREĐENO | Z32: PUNO | AA32: 40 | AH32: Osijek | AL32: NE | AM32: 3439.8 | AN32: 1.7 | AO32: 2751.84 | AS32: 20 | AT32: 12 | AU32: 28.07.2018-15.08.2018 | AV32: 12 | AW32: 14.12.2018-31.12.2018 | AY32: 0 | AZ32: =IF(L32>0,"NEAKTIVAN","AKTIVAN") -> NEAKTIVAN | BA32: 18
A33: 10 | B33: =IF(L33>0,"NEAKTIVAN","AKTIVAN") -> NEAKTIVAN | C33: =C32+1 -> 31 | D33: 9 | E33: =VLOOKUP(D33,Table3[[#All],[RB]:[OIB]],2,0) -> WAX D.O.O | F33: =VLOOKUP(D33,Table3[],3,0) -> 46869408875 | G33: =VLOOKUP(D33,Table3[],4,0) -> Rudolf Gergelj | H33: =VLOOKUP(D33,POSLODAVCI!$A$2:$J$107,9,0) -> Osijek | I33: =VLOOKUP(D33,Table3[],10,0) -> J.J. Strossmayera 333, 31000 Osijek | J33: Mirela Šenhof | K33: 43101 | L33: 43251 | M33: 46651411474 | N33: Ž-ŽENSKO | O33: 34054 | P33: Osijek | Q33: HRVATSKO | R33: Psunjska 93 a | S33: NE | T33: SSS | V33: Telefonist-operater u call c. | W33: Telefonist-operater u call c. | X33: NEODREĐENO | Z33: PUNO | AA33: 40 | AH33: Osijek | AL33: NE | AM33: 3439.8 | AN33: 1 | AO33: 2751.84 | AS33: 20 | AT33: 12 | AU33: 28.07.2018-15.08.2018 | AV33: 12 | AW33: 14.12.2018-31.12.2018 | AY33: 0 | AZ33: =IF(L33>0,"NEAKTIVAN","AKTIVAN") -> NEAKTIVAN | BA33: 19
A34: 11 | B34: =IF(L34>0,"NEAKTIVAN","AKTIVAN") -> NEAKTIVAN | C34: =C33+1 -> 32 | D34: 9 | E34: =VLOOKUP(D34,Table3[[#All],[RB]:[OIB]],2,0) -> WAX D.O.O | F34: =VLOOKUP(D34,Table3[],3,0) -> 46869408875 | G34: =VLOOKUP(D34,Table3[],4,0) -> Rudolf Gergelj | H34: =VLOOKUP(D34,POSLODAVCI!$A$2:$J$107,9,0) -> Osijek | I34: =VLOOKUP(D34,Table3[],10,0) -> J.J. Strossmayera 333, 31000 Osijek | J34: Ildiko Dragaš | K34: 43101 | L34: 43251 | M34: 16065838903 | N34: Ž-ŽENSKO | O34: 34055 | P34: Osijek | Q34: HRVATSKO | R34: Martina Divalta 168 | S34: NE | T34: SSS | V34: Administrator | W34: Administrator | X34: NEODREĐENO | Z34: PUNO | AA34: 40 | AH34: Osijek | AL34: NE | AM34: 5093.03 | AN34: 1 | AO34: 4000 | AP34: 250 | AS34: 20 | AT34: 12 | AU34: 28.07.2018-15.08.2018 | AV34: 12 | AW34: 14.12.2018-31.12.2018 | AY34: 0 | AZ34: =IF(L34>0,"NEAKTIVAN","AKTIVAN") -> NEAKTIVAN | BA34: 20
A35: 12 | B35: =IF(L35>0,"NEAKTIVAN","AKTIVAN") -> NEAKTIVAN | C35: =C34+1 -> 33 | D35: 9 | E35: =VLOOKUP(D35,Table3[[#All],[RB]:[OIB]],2,0) -> WAX D.O.O | F35: =VLOOKUP(D35,Table3[],3,0) -> 46869408875 | G35: =VLOOKUP(D35,Table3[],4,0) -> Rudolf Gergelj | H35: =VLOOKUP(D35,POSLODAVCI!$A$2:$J$107,9,0) -> Osijek | I35: =VLOOKUP(D35,Table3[],10,0) -> J.J. Strossmayera 333, 31000 Osijek | J35: Milica Stanić | K35: 43101 | L35: 43251 | M35: 91993718714 | N35: Ž-ŽENSKO | O35: 34056 | P35: Osijek | Q35: HRVATSKO | R35: Josipa Kozarca 25., Višnjevac | S35: NE | T35: SSS | V35: Telefonist-operater u call c. | W35: Telefonist-operater u call c. | X35: NEODREĐENO | Z35: PUNO | AA35: 40 | AH35: Osijek | AL35: NE | AM35: 3439.8 | AN35: 1 | AO35: 2751.84 | AS35: 20 | AT35: 12 | AU35: 28.07.2018-15.08.2018 | AV35: 12 | AW35: 14.12.2018-31.12.2018 | AY35: 0 | AZ35: =IF(L35>0,"NEAKTIVAN","AKTIVAN") -> NEAKTIVAN | BA35: 21
A36: 13 | B36: =IF(L36>0,"NEAKTIVAN","AKTIVAN") -> NEAKTIVAN | C36: =C35+1 -> 34 | D36: 9 | E36: =VLOOKUP(D36,Table3[[#All],[RB]:[OIB]],2,0) -> WAX D.O.O | F36: =VLOOKUP(D36,Table3[],3,0) -> 46869408875 | G36: =VLOOKUP(D36,Table3[],4,0) -> Rudolf Gergelj | H36: =VLOOKUP(D36,POSLODAVCI!$A$2:$J$107,9,0) -> Osijek | I36: =VLOOKUP(D36,Table3[],10,0) -> J.J. Strossmayera 333, 31000 Osijek | J36: Gordana Vidanec Drlje | K36: 43101 | L36: 43244 | M36: 95416188835 | N36: Ž-ŽENSKO | O36: 34058 | P36: Osijek | Q36: HRVATSKO | R36: Bosanska 13 b. | S36: NE | T36: SSS | V36: Telefonist-operater u call c. | W36: Telefonist-operater u call c. | X36: NEODREĐENO | Z36: PUNO | AA36: 40 | AH36: Osijek | AL36: NE | AM36: 3439.8 | AN36: 1 | AO36: 2751.84 | AS36: 20 | AT36: 12 | AU36: 28.07.2018-15.08.2018 | AV36: 12 | AW36: 14.12.2018-31.12.2018 | AY36: 0 | AZ36: =IF(L36>0,"NEAKTIVAN","AKTIVAN") -> NEAKTIVAN | BA36: 23
A37: 14 | B37: =IF(L37>0,"NEAKTIVAN","AKTIVAN") -> NEAKTIVAN | C37: =C36+1 -> 35 | D37: 9 | E37: =VLOOKUP(D37,Table3[[#All],[RB]:[OIB]],2,0) -> WAX D.O.O | F37: =VLOOKUP(D37,Table3[],3,0) -> 46869408875 | G37: =VLOOKUP(D37,Table3[],4,0) -> Rudolf Gergelj | H37: =VLOOKUP(D37,POSLODAVCI!$A$2:$J$107,9,0) -> Osijek | I37: =VLOOKUP(D37,Table3[],10,0) -> J.J. Strossmayera 333, 31000 Osijek | J37: Bogdanka Dabčević | K37: 43101 | L37: 43251 | M37: 68121059947 | N37: Ž-ŽENSKO | O37: 34059 | P37: Osijek | Q37: HRVATSKO | R37: Mlinska 100. | S37: NE | T37: SSS | V37: Telefonist-operater u call c. | W37: Telefonist-operater u call c. | X37: NEODREĐENO | Z37: PUNO | AA37: 40 | AH37: Osijek | AL37: NE | AM37: 3439.8 | AN37: 1.7 | AO37: 2751.84 | AS37: 20 | AT37: 12 | AU37: 28.07.2018-15.08.2018 | AV37: 12 | AW37: 14.12.2018-31.12.2018 | AY37: 0 | AZ37: =IF(L37>0,"NEAKTIVAN","AKTIVAN") -> NEAKTIVAN | BA37: 24
A38: 15 | B38: =IF(L38>0,"NEAKTIVAN","AKTIVAN") -> NEAKTIVAN | C38: =C37+1 -> 36 | D38: 9 | E38: =VLOOKUP(D38,Table3[[#All],[RB]:[OIB]],2,0) -> WAX D.O.O | F38: =VLOOKUP(D38,Table3[],3,0) -> 46869408875 | G38: =VLOOKUP(D38,Table3[],4,0) -> Rudolf Gergelj | H38: =VLOOKUP(D38,POSLODAVCI!$A$2:$J$107,9,0) -> Osijek | I38: =VLOOKUP(D38,Table3[],10,0) -> J.J. Strossmayera 333, 31000 Osijek | J38: Vlatka Barači | K38: 43101 | L38: 43251 | M38: 19036979307 | N38: Ž-ŽENSKO | O38: 34060 | P38: Osijek | Q38: HRVATSKO | R38: Vijenac Dinare 5. | S38: NE | T38: SSS | V38: Telefonist-operater u call c. | W38: Telefonist-operater u call c. | X38: NEODREĐENO | Z38: PUNO | AA38: 40 | AH38: Osijek | AL38: NE | AM38: 3439.8 | AN38: 1 | AO38: 2751.84 | AS38: 20 | AT38: 12 | AU38: 28.07.2018-15.08.2018 | AV38: 12 | AW38: 14.12.2018-31.12.2018 | AY38: 0 | AZ38: =IF(L38>0,"NEAKTIVAN","AKTIVAN") -> NEAKTIVAN | BA38: 25
A39: 16 | B39: =IF(L39>0,"NEAKTIVAN","AKTIVAN") -> NEAKTIVAN | C39: =C38+1 -> 37 | D39: 9 | E39: =VLOOKUP(D39,Table3[[#All],[RB]:[OIB]],2,0) -> WAX D.O.O | F39: =VLOOKUP(D39,Table3[],3,0) -> 46869408875 | G39: =VLOOKUP(D39,Table3[],4,0) -> Rudolf Gergelj | H39: =VLOOKUP(D39,POSLODAVCI!$A$2:$J$107,9,0) -> Osijek | I39: =VLOOKUP(D39,Table3[],10,0) -> J.J. Strossmayera 333, 31000 Osijek | J39: Aleksandra Belošević | K39: 43101 | L39: 43244 | M39: 35395242811 | N39: Ž-ŽENSKO | O39: 34061 | P39: Osijek | Q39: HRVATSKO | R39: J.J.Strossmayera 82. | S39: NE | T39: SSS | V39: Telefonist-operater u call c. | W39: Telefonist-operater u call c. | X39: NEODREĐENO | Z39: PUNO | AA39: 40 | AH39: Osijek | AL39: NE | AM39: 3439.8 | AN39: 1.7 | AO39: 2751.84 | AS39: 20 | AT39: 12 | AU39: 28.07.2018-15.08.2018 | AV39: 12 | AW39: 14.12.2018-31.12.2018 | AY39: 0 | AZ39: =IF(L39>0,"NEAKTIVAN","AKTIVAN") -> NEAKTIVAN | BA39: 26
A40: 17 | B40: =IF(L40>0,"NEAKTIVAN","AKTIVAN") -> NEAKTIVAN | C40: =C39+1 -> 38 | D40: 9 | E40: =VLOOKUP(D40,Table3[[#All],[RB]:[OIB]],2,0) -> WAX D.O.O | F40: =VLOOKUP(D40,Table3[],3,0) -> 46869408875 | G40: =VLOOKUP(D40,Table3[],4,0) -> Rudolf Gergelj | H40: =VLOOKUP(D40,POSLODAVCI!$A$2:$J$107,9,0) -> Osijek | I40: =VLOOKUP(D40,Table3[],10,0) -> J.J. Strossmayera 333, 31000 Osijek | J40: Karmela Jurić | K40: 43101 | L40: 43251 | M40: 73208771167 | N40: Ž-ŽENSKO | O40: 34062 | P40: Osijek | Q40: HRVATSKO | R40: Osječka 188.,Tenja | S40: NE | T40: SSS | V40: Telefonist-operater u call c. | W40: Telefonist-operater u call c. | X40: NEODREĐENO | Z40: PUNO | AA40: 40 | AH40: Osijek | AL40: NE | AM40: 3439.8 | AN40: 1 | AO40: 2751.84 | AS40: 20 | AT40: 12 | AU40: 28.07.2018-15.08.2018 | AV40: 12 | AW40: 14.12.2018-31.12.2018 | AY40: 0 | AZ40: =IF(L40>0,"NEAKTIVAN","AKTIVAN") -> NEAKTIVAN | BA40: 27
A41: 18 | B41: =IF(L41>0,"NEAKTIVAN","AKTIVAN") -> NEAKTIVAN | C41: =C40+1 -> 39 | D41: 9 | E41: =VLOOKUP(D41,Table3[[#All],[RB]:[OIB]],2,0) -> WAX D.O.O | F41: =VLOOKUP(D41,Table3[],3,0) -> 46869408875 | G41: =VLOOKUP(D41,Table3[],4,0) -> Rudolf Gergelj | H41: =VLOOKUP(D41,POSLODAVCI!$A$2:$J$107,9,0) -> Osijek | I41: =VLOOKUP(D41,Table3[],10,0) -> J.J. Strossmayera 333, 31000 Osijek | J41: Blaženka Tečić | K41: 43101 | L41: 43343 | M41: 48678345053 | N41: Ž-ŽENSKO | O41: 22839 | P41: Osijek | Q41: HRVATSKO | R41: Čvrsnička 21. | S41: NE | T41: SSS | V41: Telefonist-operater u call c. | W41: Telefonist-operater u call c. | X41: NEODREĐENO | Z41: PUNO | AA41: 40 | AH41: Osijek | AL41: NE | AM41: 3439.8 | AN41: 1.7 | AO41: 2751.84 | AS41: 20 | AT41: 12 | AU41: 28.07.2018-15.08.2018 | AV41: 12 | AW41: 14.12.2018-31.12.2018 | AY41: 0 | AZ41: =IF(L41>0,"NEAKTIVAN","AKTIVAN") -> NEAKTIVAN | BA41: 29
A42: 19 | B42: =IF(L42>0,"NEAKTIVAN","AKTIVAN") -> NEAKTIVAN | C42: =C41+1 -> 40 | D42: 9 | E42: =VLOOKUP(D42,Table3[[#All],[RB]:[OIB]],2,0) -> WAX D.O.O | F42: =VLOOKUP(D42,Table3[],3,0) -> 46869408875 | G42: =VLOOKUP(D42,Table3[],4,0) -> Rudolf Gergelj | H42: =VLOOKUP(D42,POSLODAVCI!$A$2:$J$107,9,0) -> Osijek | I42: =VLOOKUP(D42,Table3[],10,0) -> J.J. Strossmayera 333, 31000 Osijek | J42: Adrijana Mitrović | K42: 43101 | L42: 43343 | M42: 33617093868 | N42: Ž-ŽENSKO | O42: 34065 | P42: Osijek | Q42: HRVATSKO | R42: Šećeranska 47. | S42: NE | T42: SSS | V42: Telefonist-operater u call c. | W42: Telefonist-operater u call c. | X42: NEODREĐENO | Z42: PUNO | AA42: 40 | AH42: Osijek | AL42: NE | AM42: 3439.8 | AN42: 1 | AO42: 2751.84 | AS42: 20 | AT42: 12 | AU42: 28.07.2018-15.08.2018 | AV42: 12 | AW42: 14.12.2018-31.12.2018 | AY42: 0 | AZ42: =IF(L42>0,"NEAKTIVAN","AKTIVAN") -> NEAKTIVAN | BA42: 30
A43: 20 | B43: =IF(L43>0,"NEAKTIVAN","AKTIVAN") -> NEAKTIVAN | C43: =C42+1 -> 41 | D43: 9 | E43: =VLOOKUP(D43,Table3[[#All],[RB]:[OIB]],2,0) -> WAX D.O.O | F43: =VLOOKUP(D43,Table3[],3,0) -> 46869408875 | G43: =VLOOKUP(D43,Table3[],4,0) -> Rudolf Gergelj | H43: =VLOOKUP(D43,POSLODAVCI!$A$2:$J$107,9,0) -> Osijek | I43: =VLOOKUP(D43,Table3[],10,0) -> J.J. Strossmayera 333, 31000 Osijek | J43: Damir Dmejhal | K43: 43101 | L43: 43251 | M43: 63681749207 | N43: M-MUŠKO | O43: 34066 | P43: Osijek | Q43: HRVATSKO | R43: Kralja Tomislava 147 | S43: NE | T43: SSS | V43: Telefonist-operater u call c. | W43: Telefonist-operater u call c. | X43: NEODREĐENO | Z43: PUNO | AA43: 40 | AH43: Osijek | AL43: NE | AM43: 3439.8 | AN43: 1.7 | AO43: 2751.84 | AS43: 20 | AT43: 12 | AU43: 28.07.2018-15.08.2018 | AV43: 12 | AW43: 14.12.2018-31.12.2018 | AY43: 0 | AZ43: =IF(L43>0,"NEAKTIVAN","AKTIVAN") -> NEAKTIVAN | BA43: 31
A44: 21 | B44: =IF(L44>0,"NEAKTIVAN","AKTIVAN") -> NEAKTIVAN | C44: =C43+1 -> 42 | D44: 9 | E44: =VLOOKUP(D44,Table3[[#All],[RB]:[OIB]],2,0) -> WAX D.O.O | F44: =VLOOKUP(D44,Table3[],3,0) -> 46869408875 | G44: =VLOOKUP(D44,Table3[],4,0) -> Rudolf Gergelj | H44: =VLOOKUP(D44,POSLODAVCI!$A$2:$J$107,9,0) -> Osijek | I44: =VLOOKUP(D44,Table3[],10,0) -> J.J. Strossmayera 333, 31000 Osijek | J44: Vanesa Šimović | K44: 43101 | L44: 43251 | M44: 04668761853 | N44: Ž-ŽENSKO | O44: 34067 | P44: Osijek | Q44: HRVATSKO | R44: Trg Ante Starčevića 4. | S44: NE | T44: SSS | V44: Telefonist-operater u call c. | W44: Telefonist-operater u call c. | X44: NEODREĐENO | Z44: PUNO | AA44: 40 | AH44: Osijek | AL44: NE | AM44: 3439.8 | AN44: 1 | AO44: 2751.84 | AS44: 20 | AT44: 12 | AU44: 28.07.2018-15.08.2018 | AV44: 12 | AW44: 14.12.2018-31.12.2018 | AY44: 0 | AZ44: =IF(L44>0,"NEAKTIVAN","AKTIVAN") -> NEAKTIVAN | BA44: 32
A45: 22 | B45: =IF(L45>0,"NEAKTIVAN","AKTIVAN") -> NEAKTIVAN | C45: =C44+1 -> 43 | D45: 9 | E45: =VLOOKUP(D45,Table3[[#All],[RB]:[OIB]],2,0) -> WAX D.O.O | F45: =VLOOKUP(D45,Table3[],3,0) -> 46869408875 | G45: =VLOOKUP(D45,Table3[],4,0) -> Rudolf Gergelj | H45: =VLOOKUP(D45,POSLODAVCI!$A$2:$J$107,9,0) -> Osijek | I45: =VLOOKUP(D45,Table3[],10,0) -> J.J. Strossmayera 333, 31000 Osijek | J45: Lidija Toša | K45: 43101 | L45: 43251 | M45: 16260284290 | N45: Ž-ŽENSKO | O45: 34069 | P45: Osijek | Q45: HRVATSKO | R45: Šandor Petefija 116. | S45: NE | T45: SSS | V45: Voditelj call centra | W45: Voditelj call centra | X45: NEODREĐENO | Z45: PUNO | AA45: 40 | AH45: Osijek | AL45: NE | AM45: 4375 | AN45: 2.7 | AO45: 3500 | AS45: 20 | AT45: 12 | AU45: 28.07.2018-15.08.2018 | AV45: 12 | AW45: 14.12.2018-31.12.2018 | AY45: 0 | AZ45: =IF(L45>0,"NEAKTIVAN","AKTIVAN") -> NEAKTIVAN | BA45: 34
A46: 23 | B46: =IF(L46>0,"NEAKTIVAN","AKTIVAN") -> NEAKTIVAN | C46: =C45+1 -> 44 | D46: 9 | E46: =VLOOKUP(D46,Table3[[#All],[RB]:[OIB]],2,0) -> WAX D.O.O | F46: =VLOOKUP(D46,Table3[],3,0) -> 46869408875 | G46: =VLOOKUP(D46,Table3[],4,0) -> Rudolf Gergelj | H46: =VLOOKUP(D46,POSLODAVCI!$A$2:$J$107,9,0) -> Osijek | I46: =VLOOKUP(D46,Table3[],10,0) -> J.J. Strossmayera 333, 31000 Osijek | J46: Mirjana Maršić | K46: 43101 | L46: 43251 | M46: 02808842683 | N46: Ž-ŽENSKO | O46: 34070 | P46: Osijek | Q46: HRVATSKO | R46: Kralja Tomislava 6 c, Višnjeva | S46: NE | T46: SSS | V46: Telefonist-operater u call c. | W46: Telefonist-operater u call c. | X46: NEODREĐENO | Z46: PUNO | AA46: 40 | AH46: Osijek | AL46: NE | AM46: 3439.8 | AN46: 1.7 | AO46: 2751.84 | AS46: 20 | AT46: 12 | AU46: 28.07.2018-15.08.2018 | AV46: 12 | AW46: 14.12.2018-31.12.2018 | AY46: 0 | AZ46: =IF(L46>0,"NEAKTIVAN","AKTIVAN") -> NEAKTIVAN | BA46: 35
... A49: 25 | B49: =IF(L49>0,"NEAKTIVAN","AKTIVAN") -> NEAKTIVAN | C49: =C48+1 -> 47 | D49: 9 | E49: =VLOOKUP(D49,Table3[[#All],[RB]:[OIB]],2,0) -> WAX D.O.O | F49: =VLOOKUP(D49,Table3[],3,0) -> 46869408875 | G49: =VLOOKUP(D49,Table3[],4,0) -> Rudolf Gergelj | H49: =VLOOKUP(D49,POSLODAVCI!$A$2:$J$107,9,0) -> Osijek | I49: =VLOOKUP(D49,Table3[],10,0) -> J.J. Strossmayera 333, 31000 Osijek | J49: Borka Bolšec | K49: 43101 | L49: 43251 | M49: 05826363901 | N49: Ž-ŽENSKO | O49: 34077 | P49: Osijek | Q49: HRVATSKO | R49: Dr.F.Tuđmana 14 | S49: NE | T49: SSS | V49: Telefonist-operater u call c. | W49: Telefonist-operater u call c. | X49: NEODREĐENO | Z49: PUNO | AA49: 40 | AH49: Osijek | AL49: NE | AM49: 3439.8 | AN49: 1 | AO49: 2751.84 | AS49: 20 | AT49: 12 | AU49: 28.07.2018-15.08.2018 | AV49: 12 | AW49: 14.12.2018-31.12.2018 | AY49: 0 | AZ49: =IF(L49>0,"NEAKTIVAN","AKTIVAN") -> NEAKTIVAN | BA49: 42
A50: 26 | B50: =IF(L50>0,"NEAKTIVAN","AKTIVAN") -> NEAKTIVAN | C50: =C49+1 -> 48 | D50: 9 | E50: =VLOOKUP(D50,Table3[[#All],[RB]:[OIB]],2,0) -> WAX D.O.O | F50: =VLOOKUP(D50,Table3[],3,0) -> 46869408875 | G50: =VLOOKUP(D50,Table3[],4,0) -> Rudolf Gergelj | H50: =VLOOKUP(D50,POSLODAVCI!$A$2:$J$107,9,0) -> Osijek | I50: =VLOOKUP(D50,Table3[],10,0) -> J.J. Strossmayera 333, 31000 Osijek | J50: Marina Šimon | K50: 43101 | L50: 43251 | M50: 07065659312 | N50: Ž-ŽENSKO | O50: 34079 | P50: Osijek | Q50: HRVATSKO | R50: Šandora Petefija 126, Lug | S50: NE | T50: SSS | V50: Telefonist-operater u call c. | W50: Telefonist-operater u call c. | X50: NEODREĐENO | Z50: PUNO | AA50: 40 | AH50: Osijek | AL50: NE | AM50: 5084.22 | AN50: 1 | AO50: 4000 | AP50: 747 | AS50: 20 | AT50: 12 | AU50: 28.07.2018-15.08.2018 | AV50: 12 | AW50: 14.12.2018-31.12.2018 | AY50: 0 | AZ50: =IF(L50>0,"NEAKTIVAN","AKTIVAN") -> NEAKTIVAN | BA50: 44
A51: 27 | B51: =IF(L51>0,"NEAKTIVAN","AKTIVAN") -> NEAKTIVAN | C51: =C50+1 -> 49 | D51: 9 | E51: =VLOOKUP(D51,Table3[[#All],[RB]:[OIB]],2,0) -> WAX D.O.O | F51: =VLOOKUP(D51,Table3[],3,0) -> 46869408875 | G51: =VLOOKUP(D51,Table3[],4,0) -> Rudolf Gergelj | H51: =VLOOKUP(D51,POSLODAVCI!$A$2:$J$107,9,0) -> Osijek | I51: =VLOOKUP(D51,Table3[],10,0) -> J.J. Strossmayera 333, 31000 Osijek | J51: Vanesa Šarčević | K51: 43101 | L51: 43343 | M51: 69008705416 | N51: Ž-ŽENSKO | O51: 34071 | P51: Osijek | Q51: HRVATSKO | R51: Vinogratska 6, Laslovo | S51: NE | T51: SSS | V51: Telefonist-operater u call c. | W51: Telefonist-operater u call c. | X51: NEODREĐENO | Z51: PUNO | AA51: 40 | AH51: Osijek | AL51: NE | AM51: 3439.8 | AN51: 1 | AO51: 2751.84 | AS51: 20 | AT51: 12 | AU51: 28.07.2018-15.08.2018 | AV51: 12 | AW51: 14.12.2018-31.12.2018 | AY51: 0 | AZ51: =IF(L51>0,"NEAKTIVAN","AKTIVAN") -> NEAKTIVAN | BA51: 45
A52: 28 | B52: =IF(L52>0,"NEAKTIVAN","AKTIVAN") -> NEAKTIVAN | C52: =C51+1 -> 50 | D52: 9 | E52: =VLOOKUP(D52,Table3[[#All],[RB]:[OIB]],2,0) -> WAX D.O.O | F52: =VLOOKUP(D52,Table3[],3,0) -> 46869408875 | G52: =VLOOKUP(D52,Table3[],4,0) -> Rudolf Gergelj | H52: =VLOOKUP(D52,POSLODAVCI!$A$2:$J$107,9,0) -> Osijek | I52: =VLOOKUP(D52,Table3[],10,0) -> J.J. Strossmayera 333, 31000 Osijek | J52: Ana Andrić | K52: 43101 | L52: 43251 | M52: 68319591111 | N52: Ž-ŽENSKO | O52: 34090 | P52: Osijek | Q52: HRVATSKO | R52: Viška 32 | S52: NE | T52: SSS | V52: Telefonist-operater u call c. | W52: Telefonist-operater u call c. | X52: NEODREĐENO | Z52: PUNO | AA52: 40 | AH52: Osijek | AL52: NE | AM52: 3439.8 | AN52: 1 | AO52: 2751.84 | AS52: 20 | AT52: 12 | AU52: 28.07.2018-15.08.2018 | AV52: 12 | AW52: 14.12.2018-31.12.2018 | AY52: 0 | AZ52: =IF(L52>0,"NEAKTIVAN","AKTIVAN") -> NEAKTIVAN | BA52: 55
A53: 29 | B53: =IF(L53>0,"NEAKTIVAN","AKTIVAN") -> NEAKTIVAN | C53: =C52+1 -> 51 | D53: 9 | E53: =VLOOKUP(D53,Table3[[#All],[RB]:[OIB]],2,0) -> WAX D.O.O | F53: =VLOOKUP(D53,Table3[],3,0) -> 46869408875 | G53: =VLOOKUP(D53,Table3[],4,0) -> Rudolf Gergelj | H53: =VLOOKUP(D53,POSLODAVCI!$A$2:$J$107,9,0) -> Osijek | I53: =VLOOKUP(D53,Table3[],10,0) -> J.J. Strossmayera 333, 31000 Osijek | J53: Branka Ojdanić | K53: 43101 | L53: 43318 | M53: 28217102839 | N53: Ž-ŽENSKO | O53: 34096 | P53: Osijek | Q53: HRVATSKO | R53: Sjenjak 34 | S53: NE | T53: SSS | V53: Telefonist-operater u call c. | W53: Telefonist-operater u call c. | X53: NEODREĐENO | Z53: PUNO | AA53: 40 | AH53: Osijek | AL53: NE | AM53: 3439.8 | AN53: 1.7 | AO53: 2751.84 | AS53: 20 | AT53: 12 | AU53: 28.07.2018-15.08.2018 | AV53: 12 | AW53: 14.12.2018-31.12.2018 | AY53: 0 | AZ53: =IF(L53>0,"NEAKTIVAN","AKTIVAN") -> NEAKTIVAN | BA53: 61
A54: 30 | B54: =IF(L54>0,"NEAKTIVAN","AKTIVAN") -> NEAKTIVAN | C54: =C53+1 -> 52 | D54: 9 | E54: =VLOOKUP(D54,Table3[[#All],[RB]:[OIB]],2,0) -> WAX D.O.O | F54: =VLOOKUP(D54,Table3[],3,0) -> 46869408875 | G54: =VLOOKUP(D54,Table3[],4,0) -> Rudolf Gergelj | H54: =VLOOKUP(D54,POSLODAVCI!$A$2:$J$107,9,0) -> Osijek | I54: =VLOOKUP(D54,Table3[],10,0) -> J.J. Strossmayera 333, 31000 Osijek | J54: Dubravka Dolić | K54: 43101 | L54: 43251 | M54: 01764937555 | N54: Ž-ŽENSKO | O54: 34099 | P54: Osijek | Q54: HRVATSKO | R54: Creska 10 | S54: NE | T54: SSS | V54: Telefonist-operater u call c. | W54: Telefonist-operater u call c. | X54: NEODREĐENO | Z54: PUNO | AA54: 40 | AH54: Osijek | AL54: NE | AM54: 3439.8 | AN54: 1.7 | AO54: 2751.84 | AS54: 20 | AT54: 12 | AU54: 28.07.2018-15.08.2018 | AV54: 12 | AW54: 14.12.2018-31.12.2018 | AY54: 0 | AZ54: =IF(L54>0,"NEAKTIVAN","AKTIVAN") -> NEAKTIVAN | BA54: 64
A55: 31 | B55: =IF(L55>0,"NEAKTIVAN","AKTIVAN") -> NEAKTIVAN | C55: =C54+1 -> 53 | D55: 9 | E55: =VLOOKUP(D55,Table3[[#All],[RB]:[OIB]],2,0) -> WAX D.O.O | F55: =VLOOKUP(D55,Table3[],3,0) -> 46869408875 | G55: =VLOOKUP(D55,Table3[],4,0) -> Rudolf Gergelj | H55: =VLOOKUP(D55,POSLODAVCI!$A$2:$J$107,9,0) -> Osijek | I55: =VLOOKUP(D55,Table3[],10,0) -> J.J. Strossmayera 333, 31000 Osijek | J55: Tanja Puljić | K55: 43101 | L55: 43244 | M55: 85912850218 | N55: Ž-ŽENSKO | O55: 35642 | P55: Osijek | Q55: HRVATSKO | R55: Vezir 7, Komletinci | S55: NE | T55: SSS | V55: Trgovački dem. i prodavač | W55: Trgovački dem. i prodavač | X55: NEODREĐENO | Z55: PUNO | AA55: 40 | AH55: Osijek | AL55: NE | AM55: 3750 | AN55: 1 | AO55: 3000 | AS55: 20 | AT55: 12 | AU55: 28.07.2018-15.08.2018 | AV55: 12 | AW55: 14.12.2018-31.12.2018 | AY55: 0 | AZ55: =IF(L55>0,"NEAKTIVAN","AKTIVAN") -> NEAKTIVAN | BA55: 48
A56: 32 | B56: =IF(L56>0,"NEAKTIVAN","AKTIVAN") -> NEAKTIVAN | C56: =C55+1 -> 54 | D56: 9 | E56: =VLOOKUP(D56,Table3[[#All],[RB]:[OIB]],2,0) -> WAX D.O.O | F56: =VLOOKUP(D56,Table3[],3,0) -> 46869408875 | G56: =VLOOKUP(D56,Table3[],4,0) -> Rudolf Gergelj | H56: =VLOOKUP(D56,POSLODAVCI!$A$2:$J$107,9,0) -> Osijek | I56: =VLOOKUP(D56,Table3[],10,0) -> J.J. Strossmayera 333, 31000 Osijek | J56: Mihalj Kedveš | K56: 43101 | L56: 43244 | M56: 77889524913 | N56: M-MUŠKO | O56: 34044 | P56: Osijek | Q56: HRVATSKO | R56: Petefi Šandora 43. | S56: NE | T56: SSS | V56: Trgovački dem. i prodavač | W56: Trgovački dem. i prodavač | X56: NEODREĐENO | Z56: PUNO | AA56: 40 | AH56: Osijek | AL56: NE | AM56: 3439.8 | AN56: 1 | AO56: 2751.84 | AP56: 248.16 | AS56: 20 | AT56: 12 | AU56: 28.07.2018-15.08.2018 | AV56: 12 | AW56: 14.12.2018-31.12.2018 | AY56: 0 | AZ56: =IF(L56>0,"NEAKTIVAN","AKTIVAN") -> NEAKTIVAN | BA56: 9
A57: 33 | B57: =IF(L57>0,"NEAKTIVAN","AKTIVAN") -> NEAKTIVAN | C57: =C56+1 -> 55 | D57: 9 | E57: =VLOOKUP(D57,Table3[[#All],[RB]:[OIB]],2,0) -> WAX D.O.O | F57: =VLOOKUP(D57,Table3[],3,0) -> 46869408875 | G57: =VLOOKUP(D57,Table3[],4,0) -> Rudolf Gergelj | H57: =VLOOKUP(D57,POSLODAVCI!$A$2:$J$107,9,0) -> Osijek | I57: =VLOOKUP(D57,Table3[],10,0) -> J.J. Strossmayera 333, 31000 Osijek | J57: Snježana Oreč | K57: 43101 | L57: 43251 | M57: 79843816739 | N57: Ž-ŽENSKO | O57: 27585 | P57: OSIJEK | Q57: HRVATSKO | R57: VLADIMIRA NAZORA 30, LASLOVO | S57: NE | T57: SSS | V57: ADMINISTRATOR | W57: ADMINISTRATOR | X57: NEODREĐENO | Z57: PUNO | AA57: 40 | AH57: Osijek | AL57: NE | AM57: 3750 | AN57: 2.7 | AO57: 3000 | AS57: 20 | AT57: 12 | AU57: 28.07.2018-15.08.2018 | AV57: 12 | AW57: 14.12.2018-31.12.2018 | AY57: 0 | AZ57: =IF(L57>0,"NEAKTIVAN","AKTIVAN") -> NEAKTIVAN | BA57: 67
A58: 34 | B58: =IF(L58>0,"NEAKTIVAN","AKTIVAN") -> NEAKTIVAN | C58: =C57+1 -> 56 | D58: 9 | E58: =VLOOKUP(D58,Table3[[#All],[RB]:[OIB]],2,0) -> WAX D.O.O | F58: =VLOOKUP(D58,Table3[],3,0) -> 46869408875 | G58: =VLOOKUP(D58,Table3[],4,0) -> Rudolf Gergelj | H58: =VLOOKUP(D58,POSLODAVCI!$A$2:$J$107,9,0) -> Osijek | I58: =VLOOKUP(D58,Table3[],10,0) -> J.J. Strossmayera 333, 31000 Osijek | J58: Sabine Tot | K58: 43101 | L58: 43244 | M58: 80464281272 | N58: Ž-ŽENSKO | O58: 34624 | P58: Osijek | Q58: HRVATSKO | R58: Šandora Petefija 46, Lug | S58: NE | T58: SSS | V58: Trgovački dem. i prodavač | W58: Trgovački dem. i prodavač | X58: NEODREĐENO | Z58: PUNO | AA58: 40 | AH58: Osijek | AL58: NE | AM58: 3750 | AN58: 1 | AO58: 3000 | AP58: 500 | AS58: 20 | AT58: 12 | AU58: 28.07.2018-15.08.2018 | AV58: 12 | AW58: 14.12.2018-31.12.2018 | AY58: 0 | AZ58: =IF(L58>0,"NEAKTIVAN","AKTIVAN") -> NEAKTIVAN | BA58: 49
A59: 35 | B59: =IF(L59>0,"NEAKTIVAN","AKTIVAN") -> NEAKTIVAN | C59: =C58+1 -> 57 | D59: 9 | E59: =VLOOKUP(D59,Table3[[#All],[RB]:[OIB]],2,0) -> WAX D.O.O | F59: =VLOOKUP(D59,Table3[],3,0) -> 46869408875 | G59: =VLOOKUP(D59,Table3[],4,0) -> Rudolf Gergelj | H59: =VLOOKUP(D59,POSLODAVCI!$A$2:$J$107,9,0) -> Osijek | I59: =VLOOKUP(D59,Table3[],10,0) -> J.J. Strossmayera 333, 31000 Osijek | J59: Marina Nikšić | K59: 43101 | L59: 43164 | M59: 60253869864 | N59: Ž-ŽENSKO | O59: 42741 | P59: OSIJEK | Q59: HRVATSKO | R59: FRANKOPANSKA 190, 31000 OSIJEK | S59: NE | T59: SSS | V59: Telefonist-operater u call c. | W59: Telefonist-operater u call c. | X59: NEODREĐENO | Z59: PUNO | AA59: 40 | AH59: Osijek | AL59: NE | AM59: 3439.8 | AN59: 1 | AO59: 2751.84 | AS59: 20 | AT59: 12 | AU59: 28.07.2018-15.08.2018 | AV59: 12 | AW59: 14.12.2018-31.12.2018 | AY59: 0 | AZ59: =IF(L59>0,"NEAKTIVAN","AKTIVAN") -> NEAKTIVAN | BA59: 68
A60: 36 | B60: =IF(L60>0,"NEAKTIVAN","AKTIVAN") -> NEAKTIVAN | C60: =C59+1 -> 58 | D60: 9 | E60: =VLOOKUP(D60,Table3[[#All],[RB]:[OIB]],2,0) -> WAX D.O.O | F60: =VLOOKUP(D60,Table3[],3,0) -> 46869408875 | G60: =VLOOKUP(D60,Table3[],4,0) -> Rudolf Gergelj | H60: =VLOOKUP(D60,POSLODAVCI!$A$2:$J$107,9,0) -> Osijek | I60: =VLOOKUP(D60,Table3[],10,0) -> J.J. Strossmayera 333, 31000 Osijek | J60: Filip Tadić | K60: 43101 | L60: 43244 | M60: 18058630382 | N60: M-MUŠKO | O60: 34896 | P60: OSIJEK | Q60: HRVATSKO | R60: IVANA GORANA KOVAČIĆA 25, DONJI MIHOLJAC | S60: NE | T60: SSS | V60: Trgovački dem. i prodavač | W60: Trgovački dem. i prodavač | X60: NEODREĐENO | Z60: PUNO | AA60: 40 | AH60: RAZNA MJESTA | AL60: NE | AM60: 3750 | AN60: 1 | AO60: 3000 | AP60: 500 | AS60: 20 | AT60: 12 | AU60: 28.07.2018-15.08.2018 | AV60: 12 | AW60: 14.12.2018-31.12.2018 | AY60: 0 | AZ60: =IF(L60>0,"NEAKTIVAN","AKTIVAN") -> NEAKTIVAN | BA60: 71
A61: 37 | B61: =IF(L61>0,"NEAKTIVAN","AKTIVAN") -> NEAKTIVAN | C61: =C60+1 -> 59 | D61: 9 | E61: =VLOOKUP(D61,Table3[[#All],[RB]:[OIB]],2,0) -> WAX D.O.O | F61: =VLOOKUP(D61,Table3[],3,0) -> 46869408875 | G61: =VLOOKUP(D61,Table3[],4,0) -> Rudolf Gergelj | H61: =VLOOKUP(D61,POSLODAVCI!$A$2:$J$107,9,0) -> Osijek | I61: =VLOOKUP(D61,Table3[],10,0) -> J.J. Strossmayera 333, 31000 Osijek | J61: Marijana Rukavina | K61: 43101 | L61: 43103 | M61: 09559707905 | N61: Ž-ŽENSKO | O61: 32267 | Q61: HRVATSKO | R61: Duga Ulica 9, Briješće, Osijek | T61: SSS | V61: Telefonist-operater u call c. | W61: Telefonist-operater u call c. | X61: NEODREĐENO | Z61: PUNO | AA61: 40 | AH61: Osijek | AL61: NE | AM61: 3439.8 | AN61: 1 | AO61: 2751.84 | AS61: 4 | AV61: 9 | AW61: 18.12.2017.-02.01.2018. | AY61: -5 | AZ61: =IF(L61>0,"NEAKTIVAN","AKTIVAN") -> NEAKTIVAN | BA61: 73
A62: 38 | B62: =IF(L62>0,"NEAKTIVAN","AKTIVAN") -> NEAKTIVAN | C62: =C61+1 -> 60 | D62: 9 | E62: =VLOOKUP(D62,Table3[[#All],[RB]:[OIB]],2,0) -> WAX D.O.O | F62: =VLOOKUP(D62,Table3[],3,0) -> 46869408875 | G62: =VLOOKUP(D62,Table3[],4,0) -> Rudolf Gergelj | H62: =VLOOKUP(D62,POSLODAVCI!$A$2:$J$107,9,0) -> Osijek | I62: =VLOOKUP(D62,Table3[],10,0) -> J.J. Strossmayera 333, 31000 Osijek | J62: Ana Jozić | K62: 43101 | L62: 43251 | M62: 20112988151 | N62: Ž-ŽENSKO | O62: 29478 | Q62: HRVATSKO | R62: Luke Botić 25, Tenja | T62: VSS | V62: Telefonist-operater u call c. | W62: Telefonist-operater u call c. | X62: NEODREĐENO | Z62: PUNO | AA62: 40 | AH62: Osijek | AL62: NE | AM62: 3439.8 | AN62: 1 | AO62: 2751.84 | AS62: 20 | AT62: 12 | AU62: 23.07.2018-04.08.2018 | AV62: 12 | AW62: 14.12.2018-31.12.2018 | AY62: 0 | AZ62: =IF(L62>0,"NEAKTIVAN","AKTIVAN") -> NEAKTIVAN | BA62: 72
A63: 39 | B63: =IF(L63>0,"NEAKTIVAN","AKTIVAN") -> NEAKTIVAN | C63: =C62+1 -> 61 | D63: 9 | E63: =VLOOKUP(D63,Table3[[#All],[RB]:[OIB]],2,0) -> WAX D.O.O | F63: =VLOOKUP(D63,Table3[],3,0) -> 46869408875 | G63: =VLOOKUP(D63,Table3[],4,0) -> Rudolf Gergelj | H63: =VLOOKUP(D63,POSLODAVCI!$A$2:$J$107,9,0) -> Osijek | I63: =VLOOKUP(D63,Table3[],10,0) -> J.J. Strossmayera 333, 31000 Osijek | J63: Andrea Bošnjak | K63: 43101 | L63: 43251 | M63: 46438404550 | N63: Ž-ŽENSKO | O63: 32241 | P63: OSIJEK | Q63: HRVATSKO | R63: Duga 50 A, Ivanovac, Antunovac | T63: SSS | V63: Telefonist-operater u call c. | W63: Telefonist-operater u call c. | X63: NEODREĐENO | Z63: PUNO | AA63: 40 | AH63: Osijek | AL63: NE | AM63: 3439.8 | AN63: 1 | AO63: 2751.84 | AS63: 20 | AT63: 12 | AU63: 28.07.2018-15.08.2018 | AV63: 12 | AW63: 14.12.2018-31.12.2018 | AY63: 0 | AZ63: =IF(L63>0,"NEAKTIVAN","AKTIVAN") -> NEAKTIVAN | BA63: 74
A64: 40 | B64: =IF(L64>0,"NEAKTIVAN","AKTIVAN") -> NEAKTIVAN | C64: =C63+1 -> 62 | D64: 9 | E64: =VLOOKUP(D64,Table3[[#All],[RB]:[OIB]],2,0) -> WAX D.O.O | F64: =VLOOKUP(D64,Table3[],3,0) -> 46869408875 | G64: =VLOOKUP(D64,Table3[],4,0) -> Rudolf Gergelj | H64: =VLOOKUP(D64,POSLODAVCI!$A$2:$J$107,9,0) -> Osijek | I64: =VLOOKUP(D64,Table3[],10,0) -> J.J. Strossmayera 333, 31000 Osijek | J64: Darija Tutić | K64: 43101 | L64: 43103 | M64: 01420891136 | N64: Ž-ŽENSKO | O64: 34792 | P64: OSIJEK | Q64: HRVATSKO | R64: Sjenjak 46, Osijek | T64: SSS | V64: Telefonist-operater u call c. | W64: Telefonist-operater u call c. | X64: NEODREĐENO | Z64: PUNO | AA64: 40 | AH64: Osijek | AL64: NE | AM64: 3439.8 | AN64: 1 | AO64: 2751.84 | AS64: 4 | AV64: 9 | AW64: 18.12.2017.-02.01.2018. | AY64: -5 | AZ64: =IF(L64>0,"NEAKTIVAN","AKTIVAN") -> NEAKTIVAN | BA64: 75
A65: 41 | B65: =IF(L65>0,"NEAKTIVAN","AKTIVAN") -> NEAKTIVAN | C65: =C64+1 -> 63 | D65: 9 | E65: =VLOOKUP(D65,Table3[[#All],[RB]:[OIB]],2,0) -> WAX D.O.O | F65: =VLOOKUP(D65,Table3[],3,0) -> 46869408875 | G65: =VLOOKUP(D65,Table3[],4,0) -> Rudolf Gergelj | H65: =VLOOKUP(D65,POSLODAVCI!$A$2:$J$107,9,0) -> Osijek | I65: =VLOOKUP(D65,Table3[],10,0) -> J.J. Strossmayera 333, 31000 Osijek | J65: Maja Vidaković | K65: 43101 | L65: 43251 | M65: 71740309634 | N65: Ž-ŽENSKO | O65: 32684 | P65: OSIJEK | Q65: HRVATSKO | R65: Umaška 8, Osijek | T65: SSS | V65: Telefonist-operater u call c. | W65: Telefonist-operater u call c. | X65: NEODREĐENO | Z65: PUNO | AA65: 40 | AH65: Osijek | AL65: NE | AM65: 3439.8 | AN65: 1 | AO65: 2751.84 | AS65: 20 | AT65: 12 | AU65: 28.07.2018-15.08.2018 | AV65: 12 | AW65: 14.12.2018-31.12.2018 | AY65: 0 | AZ65: =IF(L65>0,"NEAKTIVAN","AKTIVAN") -> NEAKTIVAN | BA65: 76
A66: 42 | B66: =IF(L66>0,"NEAKTIVAN","AKTIVAN") -> NEAKTIVAN | C66: =C65+1 -> 64 | D66: 9 | E66: =VLOOKUP(D66,Table3[[#All],[RB]:[OIB]],2,0) -> WAX D.O.O | F66: =VLOOKUP(D66,Table3[],3,0) -> 46869408875 | G66: =VLOOKUP(D66,Table3[],4,0) -> Rudolf Gergelj | H66: =VLOOKUP(D66,POSLODAVCI!$A$2:$J$107,9,0) -> Osijek | I66: =VLOOKUP(D66,Table3[],10,0) -> J.J. Strossmayera 333, 31000 Osijek | J66: Klaudia Kišpal | K66: 43101 | L66: 43147 | M66: 04752700030 | N66: Ž-ŽENSKO | O66: 36145 | Q66: HRVATSKO | R66: Petefi Šandora 33, Kotlina, Kneževi Vinogradi | T66: SSS | V66: Trgovački dem. i prodavač | W66: Trgovački dem. i prodavač | X66: NEODREĐENO | Z66: PUNO | AA66: 40 | AH66: Osijek | AL66: NE | AM66: 3750 | AN66: 1 | AO66: 3000 | AS66: 20 | AT66: 12 | AU66: 28.07.2018-15.08.2018 | AV66: 12 | AW66: 14.12.2018-31.12.2018 | AY66: 0 | AZ66: =IF(L66>0,"NEAKTIVAN","AKTIVAN") -> NEAKTIVAN | BA66: 78
A67: 43 | B67: =IF(L67>0,"NEAKTIVAN","AKTIVAN") -> NEAKTIVAN | C67: =C66+1 -> 65 | D67: 9 | E67: =VLOOKUP(D67,Table3[[#All],[RB]:[OIB]],2,0) -> WAX D.O.O | F67: =VLOOKUP(D67,Table3[],3,0) -> 46869408875 | G67: =VLOOKUP(D67,Table3[],4,0) -> Rudolf Gergelj | H67: =VLOOKUP(D67,POSLODAVCI!$A$2:$J$107,9,0) -> Osijek | I67: =VLOOKUP(D67,Table3[],10,0) -> J.J. Strossmayera 333, 31000 Osijek | J67: Alen Vidaković | K67: 43101 | L67: 43123 | M67: 09788459842 | N67: M-MUŠKO | O67: 33546 | P67: NAŠICE | Q67: HRVATSKO | R67: Kolodvorska 78 A, Feričanci | T67: VŠS | V67: Telefonist-operater u call c. | W67: Telefonist-operater u call c. | X67: NEODREĐENO | Z67: PUNO | AA67: 40 | AH67: Osijek | AL67: NE | AM67: 3439.8 | AN67: 1 | AO67: 2751.84 | AZ67: =IF(L67>0,"NEAKTIVAN","AKTIVAN") -> NEAKTIVAN | BA67: 79
A68: 44 | B68: =IF(L68>0,"NEAKTIVAN","AKTIVAN") -> NEAKTIVAN | C68: =C67+1 -> 66 | D68: 9 | E68: =VLOOKUP(D68,Table3[[#All],[RB]:[OIB]],2,0) -> WAX D.O.O | F68: =VLOOKUP(D68,Table3[],3,0) -> 46869408875 | G68: =VLOOKUP(D68,Table3[],4,0) -> Rudolf Gergelj | H68: =VLOOKUP(D68,POSLODAVCI!$A$2:$J$107,9,0) -> Osijek | I68: =VLOOKUP(D68,Table3[],10,0) -> J.J. Strossmayera 333, 31000 Osijek | J68: Marijan Pribisalić | K68: 43101 | L68: 43137 | M68: 19240198595 | N68: M-MUŠKO | O68: 35985 | P68: OSIJEK | Q68: HRVATSKO | R68: Krstova 6, Osijek | T68: SSS | V68: Trgovački dem. i prodavač | W68: Trgovački dem. i prodavač | X68: NEODREĐENO | Z68: PUNO | AA68: 40 | AH68: Osijek | AL68: NE | AM68: 3750 | AN68: 1 | AO68: 3000 | AS68: 20 | AT68: 12 | AU68: 28.07.2018-15.08.2018 | AV68: 12 | AW68: 14.12.2018-31.12.2018 | AY68: 0 | AZ68: =IF(L68>0,"NEAKTIVAN","AKTIVAN") -> NEAKTIVAN | BA68: 80
A69: 45 | B69: =IF(L69>0,"NEAKTIVAN","AKTIVAN") -> NEAKTIVAN | C69: =C68+1 -> 67 | D69: 9 | E69: =VLOOKUP(D69,Table3[[#All],[RB]:[OIB]],2,0) -> WAX D.O.O | F69: =VLOOKUP(D69,Table3[],3,0) -> 46869408875 | G69: =VLOOKUP(D69,Table3[],4,0) -> Rudolf Gergelj | H69: =VLOOKUP(D69,POSLODAVCI!$A$2:$J$107,9,0) -> Osijek | I69: =VLOOKUP(D69,Table3[],10,0) -> J.J. Strossmayera 333, 31000 Osijek | J69: Rudolf Gergelj | K69: 43101 | L69: 44408 | M69: 60536718657 | N69: M-MUŠKO | O69: 26834 | Q69: HRVATSKO | R69: Ivana Meštrovića 43, Darda | T69: SSS | V69: Poslovođa | W69: Poslovođa | X69: NEODREĐENO | Z69: PUNO | AA69: 40 | AH69: Osijek | AL69: NE | AM69: 10097.59 | AN69: 1 | AO69: 7000 | AP69: 5000 | AS69: 20 | AT69: 12 | AU69: 28.07.2018-15.08.2018 | AV69: 12 | AW69: 14.12.2018-31.12.2018 | AY69: 0 | AZ69: =IF(L69>0,"NEAKTIVAN","AKTIVAN") -> NEAKTIVAN | BA69: 81
A70: 46 | B70: =IF(L70>0,"NEAKTIVAN","AKTIVAN") -> NEAKTIVAN | C70: =C69+1 -> 68 | D70: 9 | E70: =VLOOKUP(D70,Table3[[#All],[RB]:[OIB]],2,0) -> WAX D.O.O | F70: =VLOOKUP(D70,Table3[],3,0) -> 46869408875 | G70: =VLOOKUP(D70,Table3[],4,0) -> Rudolf Gergelj | H70: =VLOOKUP(D70,POSLODAVCI!$A$2:$J$107,9,0) -> Osijek | I70: =VLOOKUP(D70,Table3[],10,0) -> J.J. Strossmayera 333, 31000 Osijek | J70: Izolda Micheli | K70: 43101 | L70: 43318 | M70: 94678362128 | N70: Ž-ŽENSKO | O70: 31415 | P70: Osijek | Q70: HRVATSKO | R70: Šandora Petefia 99, Vardarac | T70: SSS | V70: Telefonist-operater u call c. | W70: Telefonist-operater u call c. | X70: NEODREĐENO | Z70: PUNO | AA70: 40 | AH70: Osijek | AL70: NE | AM70: 3439.8 | AN70: 1 | AO70: 2751.84 | AS70: 20 | AT70: 12 | AU70: 28.07.2018-15.08.2018 | AV70: 12 | AW70: 14.12.2018-31.12.2018 | AY70: 0 | AZ70: =IF(L70>0,"NEAKTIVAN","AKTIVAN") -> NEAKTIVAN | BA70: 84
A71: 1 | B71: =IF(L71>0,"NEAKTIVAN","AKTIVAN") -> NEAKTIVAN | C71: =C70+1 -> 69 | D71: 12 | E71: =VLOOKUP(D71,Table3[[#All],[RB]:[OIB]],2,0) -> Gumenet d.o.o. | F71: =VLOOKUP(D71,Table3[],3,0) -> 15151568161 | G71: =VLOOKUP(D71,Table3[],4,0) -> Zoltan Buthi | H71: =VLOOKUP(D71,POSLODAVCI!$A$2:$J$107,9,0) -> Osijek | I71: =VLOOKUP(D71,Table3[],10,0) -> I.F. Gundulića 5, 31000 Osijek | J71: Krunoslav Pavlović | K71: 43082 | L71: 43373 | M71: 40306045066 | N71: M-MUŠKO | O71: 27103 | Q71: HRVATSKO | R71: Sjenjak 123, Osijek | S71: NE | T71: VSS | V71: Komercijalist | W71: Komercijalist | X71: NEODREĐENO | Z71: nepuno | AA71: 20 | AH71: Osijek | AL71: NE | AM71: 3276 | AN71: 1 | AO71: 2620.8 | AP71: 0 | AZ71: =IF(L71>0,"NEAKTIVAN","AKTIVAN") -> NEAKTIVAN | BA71: =A71 -> 1
A72: 7 | B72: =IF(L72>0,"NEAKTIVAN","AKTIVAN") -> NEAKTIVAN | C72: =C71+1 -> 70 | D72: 3 | E72: =VLOOKUP(D72,Table3[[#All],[RB]:[OIB]],2,0) -> AGRO PMD d.o.o. | F72: =VLOOKUP(D72,Table3[],3,0) -> 09677499852 | G72: =VLOOKUP(D72,Table3[],4,0) -> Imre Bata | H72: =VLOOKUP(D72,POSLODAVCI!$A$2:$J$107,9,0) -> Osijek | I72: =VLOOKUP(D72,Table3[],10,0) -> Južno Pregrađe 38, Osijek | J72: Gabrijela Denković | K72: 43191 | L72: 43231 | M72: 65592272975 | N72: Ž-ŽENSKO | O72: 26422 | P72: Beli Manastir | Q72: HRVATSKO | R72: KRALJA ZVONIMIRA 51A, BELI MANASTIR | S72: NE | T72: SSS | V72: ADMINISTRATIVNI DJELATNIK | W72: ADMINISTRATIVNI DJELATNIK | X72: ODREĐENO | Y72: 43286 | Z72: PUNO | AA72: 40 | AH72: Osijek | AL72: NE | AM72: 3750 | AN72: 1 | AO72: 3000 | AP72: 0 | AS72: 20 | AZ72: =IF(L72>0,"NEAKTIVAN","AKTIVAN") -> NEAKTIVAN | BA72: =A72 -> 7
A73: 47 | B73: =IF(L73>0,"NEAKTIVAN","AKTIVAN") -> NEAKTIVAN | C73: =C72+1 -> 71 | D73: 9 | E73: =VLOOKUP(D73,Table3[[#All],[RB]:[OIB]],2,0) -> WAX D.O.O | F73: =VLOOKUP(D73,Table3[],3,0) -> 46869408875 | G73: =VLOOKUP(D73,Table3[],4,0) -> Rudolf Gergelj | H73: =VLOOKUP(D73,POSLODAVCI!$A$2:$J$107,9,0) -> Osijek | I73: =VLOOKUP(D73,Table3[],10,0) -> J.J. Strossmayera 333, 31000 Osijek | J73: Vesna Greganić | K73: 43103 | L73: 43251 | M73: 89289096005 | N73: Ž-ŽENSKO | O73: 27020 | P73: Kneževo | Q73: HRVATSKO | R73: Vatroslava lisinskog 19, Višnjevac | S73: NE | T73: SSS | V73: Telefonist-operater u call c. | W73: Telefonist-operater u call c. | X73: NEODREĐENO | Z73: PUNO | AA73: 40 | AM73: 3439.8 | AN73: 1 | AO73: 2751.84 | AS73: 19 | AT73: 12 | AU73: 28.07.2018-15.08.2018 | AV73: 12 | AW73: 14.12.2018-31.12.2018 | AY73: 0 | AZ73: =IF(L73>0,"NEAKTIVAN","AKTIVAN") -> NEAKTIVAN | BA73: 85
A74: 48 | B74: =IF(L74>0,"NEAKTIVAN","AKTIVAN") -> NEAKTIVAN | C74: =C73+1 -> 72 | D74: 9 | E74: =VLOOKUP(D74,Table3[[#All],[RB]:[OIB]],2,0) -> WAX D.O.O | F74: =VLOOKUP(D74,Table3[],3,0) -> 46869408875 | G74: =VLOOKUP(D74,Table3[],4,0) -> Rudolf Gergelj | H74: =VLOOKUP(D74,POSLODAVCI!$A$2:$J$107,9,0) -> Osijek | I74: =VLOOKUP(D74,Table3[],10,0) -> J.J. Strossmayera 333, 31000 Osijek | J74: Ildiko Mikić | K74: 43104 | L74: 43110 | M74: 20741692268 | N74: Ž-ŽENSKO | O74: 29433 | P74: Osijek | Q74: HRVATSKO | R74: Šandora Petefija 309 B, Lug | S74: NE | T74: NKV | V74: Telefonist-operater u call c. | W74: Telefonist-operater u call c. | X74: NEODREĐENO | Z74: PUNO | AA74: 40 | AM74: 3439.8 | AN74: 1 | AO74: 2751.84 | AZ74: =IF(L74>0,"NEAKTIVAN","AKTIVAN") -> NEAKTIVAN | BA74: 86
A75: 49 | B75: =IF(L75>0,"NEAKTIVAN","AKTIVAN") -> NEAKTIVAN | C75: =C74+1 -> 73 | D75: 9 | E75: =VLOOKUP(D75,Table3[[#All],[RB]:[OIB]],2,0) -> WAX D.O.O | F75: =VLOOKUP(D75,Table3[],3,0) -> 46869408875 | G75: =VLOOKUP(D75,Table3[],4,0) -> Rudolf Gergelj | H75: =VLOOKUP(D75,POSLODAVCI!$A$2:$J$107,9,0) -> Osijek | I75: =VLOOKUP(D75,Table3[],10,0) -> J.J. Strossmayera 333, 31000 Osijek | J75: Martina Čolaković | K75: 43103 | L75: 43244 | M75: 15592850730 | N75: Ž-ŽENSKO | O75: 35570 | P75: Vinkovci | Q75: HRVATSKO | R75: Vladimira Nazora 68, Kompletinci, Otok | S75: NE | T75: SSS | V75: Trgovački dem. i prodavač | W75: Trgovački dem. i prodavač | X75: NEODREĐENO | Z75: PUNO | AA75: 40 | AM75: 3750 | AN75: 1 | AO75: 3000 | AS75: 19 | AT75: 12 | AU75: 28.07.2018-15.08.2018 | AV75: 12 | AW75: 14.12.2018-31.12.2018 | AY75: 0 | AZ75: =IF(L75>0,"NEAKTIVAN","AKTIVAN") -> NEAKTIVAN | BA75: 66
A76: 50 | B76: =IF(L76>0,"NEAKTIVAN","AKTIVAN") -> NEAKTIVAN | C76: =C75+1 -> 74 | D76: 9 | E76: =VLOOKUP(D76,Table3[[#All],[RB]:[OIB]],2,0) -> WAX D.O.O | F76: =VLOOKUP(D76,Table3[],3,0) -> 46869408875 | G76: =VLOOKUP(D76,Table3[],4,0) -> Rudolf Gergelj | H76: =VLOOKUP(D76,POSLODAVCI!$A$2:$J$107,9,0) -> Osijek | I76: =VLOOKUP(D76,Table3[],10,0) -> J.J. Strossmayera 333, 31000 Osijek | J76: Marko Stojak | K76: 43103 | L76: 43244 | M76: 00090687640 | N76: M-MUŠKO | O76: 35156 | P76: Vinkovci | Q76: HRVATSKO | R76: Kolodvorska 72, Nijemci | S76: NE | T76: SSS | V76: Trgovački dem. i prodavač | W76: Trgovački dem. i prodavač | X76: NEODREĐENO | Z76: PUNO | AA76: 40 | AM76: 3750 | AN76: 1 | AO76: 3000 | AS76: 19 | AT76: 12 | AU76: 28.07.2018-15.08.2018 | AV76: 12 | AW76: 14.12.2018-31.12.2018 | AY76: 0 | AZ76: =IF(L76>0,"NEAKTIVAN","AKTIVAN") -> NEAKTIVAN | BA76: 82
A77: 51 | B77: =IF(L77>0,"NEAKTIVAN","AKTIVAN") -> NEAKTIVAN | C77: =C76+1 -> 75 | D77: 9 | E77: =VLOOKUP(D77,Table3[[#All],[RB]:[OIB]],2,0) -> WAX D.O.O | F77: =VLOOKUP(D77,Table3[],3,0) -> 46869408875 | G77: =VLOOKUP(D77,Table3[],4,0) -> Rudolf Gergelj | H77: =VLOOKUP(D77,POSLODAVCI!$A$2:$J$107,9,0) -> Osijek | I77: =VLOOKUP(D77,Table3[],10,0) -> J.J. Strossmayera 333, 31000 Osijek | J77: Nikolina Marković | K77: 43109 | L77: 43244 | M77: 48436445080 | N77: Ž-ŽENSKO | O77: 34306 | P77: Osijek | Q77: HRVATSKO | R77: Vinogradska 11, Branjin Vrh | S77: NE | T77: SSS | V77: Trgovački dem. i prodavač | W77: Trgovački dem. i prodavač | X77: NEODREĐENO | Z77: PUNO | AA77: 40 | AH77: Osijek | AL77: NE | AM77: 3750 | AN77: 1 | AO77: 3000 | AS77: 19 | AT77: 12 | AU77: 28.07.2018-15.08.2018 | AV77: 12 | AW77: 14.12.2018-31.12.2018 | AY77: 0 | AZ77: =IF(L77>0,"NEAKTIVAN","AKTIVAN") -> NEAKTIVAN | BA77: 83
A78: 52 | B78: =IF(L78>0,"NEAKTIVAN","AKTIVAN") -> NEAKTIVAN | C78: =C77+1 -> 76 | D78: 9 | E78: =VLOOKUP(D78,Table3[[#All],[RB]:[OIB]],2,0) -> WAX D.O.O | F78: =VLOOKUP(D78,Table3[],3,0) -> 46869408875 | G78: =VLOOKUP(D78,Table3[],4,0) -> Rudolf Gergelj | H78: =VLOOKUP(D78,POSLODAVCI!$A$2:$J$107,9,0) -> Osijek | I78: =VLOOKUP(D78,Table3[],10,0) -> J.J. Strossmayera 333, 31000 Osijek | J78: Dejan Ninković | K78: 43109 | L78: 43119 | M78: 10755405746 | N78: M-MUŠKO | O78: 28664 | P78: Osijek | Q78: HRVATSKO | R78: Alojzija Stepinca 2, Beli Manastir | S78: NE | T78: SSS | V78: Trgovački dem. i prodavač | W78: Trgovački dem. i prodavač | X78: NEODREĐENO | Y78: 43119 | Z78: PUNO | AA78: 40 | AI78: Otkaz radnika | AM78: 3750 | AN78: 1 | AO78: 3000 | AY78: =AS78-AT78-AX78-AV78 -> 0 | AZ78: =IF(L78>0,"NEAKTIVAN","AKTIVAN") -> NEAKTIVAN | BA78: 87
A79: 53 | B79: =IF(L79>0,"NEAKTIVAN","AKTIVAN") -> NEAKTIVAN | C79: =C78+1 -> 77 | D79: 9 | E79: =VLOOKUP(D79,Table3[[#All],[RB]:[OIB]],2,0) -> WAX D.O.O | F79: =VLOOKUP(D79,Table3[],3,0) -> 46869408875 | G79: =VLOOKUP(D79,Table3[],4,0) -> Rudolf Gergelj | H79: =VLOOKUP(D79,POSLODAVCI!$A$2:$J$107,9,0) -> Osijek | I79: =VLOOKUP(D79,Table3[],10,0) -> J.J. Strossmayera 333, 31000 Osijek | J79: Zvjezdana Roguljić Hosinović | K79: 43109 | L79: 43256 | M79: 27081082594 | N79: Ž-ŽENSKO | O79: 26341 | P79: Osijek | Q79: HRVATSKO | R79: J.J. Strossmayera 188, Osijek | S79: NE | T79: SSS | V79: Telefonist-operater u call c. | W79: Telefonist-operater u call c. | X79: NEODREĐENO | Z79: PUNO | AA79: 40 | AM79: 3439.8 | AN79: 1 | AO79: 2751.84 | AS79: 19 | AT79: 12 | AU79: 28.07.2018-15.08.2018 | AV79: 12 | AW79: 14.12.2018-31.12.2018 | AY79: 0 | AZ79: =IF(L79>0,"NEAKTIVAN","AKTIVAN") -> NEAKTIVAN | BA79: 88
A80: 54 | B80: =IF(L80>0,"NEAKTIVAN","AKTIVAN") -> NEAKTIVAN | C80: =C79+1 -> 78 | D80: 9 | E80: =VLOOKUP(D80,Table3[[#All],[RB]:[OIB]],2,0) -> WAX D.O.O | F80: =VLOOKUP(D80,Table3[],3,0) -> 46869408875 | G80: =VLOOKUP(D80,Table3[],4,0) -> Rudolf Gergelj | H80: =VLOOKUP(D80,POSLODAVCI!$A$2:$J$107,9,0) -> Osijek | I80: =VLOOKUP(D80,Table3[],10,0) -> J.J. Strossmayera 333, 31000 Osijek | J80: Vana Paula Mekovec | K80: 43116 | L80: 43343 | M80: 24048586201 | N80: Ž-ŽENSKO | O80: 35727 | P80: Osijek | Q80: HRVATSKO | R80: Plješevička 7, Osijek | S80: NE | T80: SSS | V80: Telefonist-operater u call c. | W80: Telefonist-operater u call c. | X80: NEODREĐENO | Z80: PUNO | AA80: 40 | AM80: 3439.8 | AN80: 1 | AO80: 2751.84 | AS80: 18 | AT80: 12 | AU80: 28.07.2018-15.08.2018 | AV80: 12 | AW80: 14.12.2018-31.12.2018 | AY80: 0 | AZ80: =IF(L80>0,"NEAKTIVAN","AKTIVAN") -> NEAKTIVAN | BA80: 89
A81: 55 | B81: =IF(L81>0,"NEAKTIVAN","AKTIVAN") -> NEAKTIVAN | C81: =C80+1 -> 79 | D81: 9 | E81: =VLOOKUP(D81,Table3[[#All],[RB]:[OIB]],2,0) -> WAX D.O.O | F81: =VLOOKUP(D81,Table3[],3,0) -> 46869408875 | G81: =VLOOKUP(D81,Table3[],4,0) -> Rudolf Gergelj | H81: =VLOOKUP(D81,POSLODAVCI!$A$2:$J$107,9,0) -> Osijek | I81: =VLOOKUP(D81,Table3[],10,0) -> J.J. Strossmayera 333, 31000 Osijek | J81: Gordana Grčić | K81: 43124 | L81: 43228 | M81: 96761552820 | N81: Ž-ŽENSKO | O81: 23515 | P81: Osijek | Q81: HRVATSKO | R81: Biljske Satnije ZNG RH 34, Bilje | S81: NE | T81: SSS | V81: Telefonist-operater u call c. | W81: Telefonist-operater u call c. | X81: NEODREĐENO | Z81: PUNO | AA81: 40 | AM81: 3439.8 | AN81: 1.7 | AO81: 2751.84 | AS81: 18 | AT81: 12 | AU81: 28.07.2018-15.08.2018 | AV81: 12 | AW81: 14.12.2018-31.12.2018 | AY81: 0 | AZ81: =IF(L81>0,"NEAKTIVAN","AKTIVAN") -> NEAKTIVAN | BA81: 90
A82: 56 | B82: =IF(L82>0,"NEAKTIVAN","AKTIVAN") -> NEAKTIVAN | C82: =C81+1 -> 80 | D82: 9 | E82: =VLOOKUP(D82,Table3[[#All],[RB]:[OIB]],2,0) -> WAX D.O.O | F82: =VLOOKUP(D82,Table3[],3,0) -> 46869408875 | G82: =VLOOKUP(D82,Table3[],4,0) -> Rudolf Gergelj | H82: =VLOOKUP(D82,POSLODAVCI!$A$2:$J$107,9,0) -> Osijek | I82: =VLOOKUP(D82,Table3[],10,0) -> J.J. Strossmayera 333, 31000 Osijek | J82: Filip Mazur | K82: 43124 | L82: 43251 | M82: 17153736363 | N82: M-MUŠKO | O82: 33024 | P82: Osijek | Q82: HRVATSKO | R82: Ulica Augusta Šenoe 7, Bizovac | S82: NE | T82: SSS | V82: Telefonist-operater u call c. | W82: Telefonist-operater u call c. | X82: NEODREĐENO | Z82: PUNO | AA82: 40 | AH82: Osijek | AM82: 3439.8 | AN82: 1 | AO82: 2751.84 | AS82: 18 | AT82: 12 | AU82: 28.07.2018-15.08.2018 | AV82: 12 | AW82: 14.12.2018-31.12.2018 | AY82: 0 | AZ82: =IF(L82>0,"NEAKTIVAN","AKTIVAN") -> NEAKTIVAN | BA82: 91
A83: 57 | B83: =IF(L83>0,"NEAKTIVAN","AKTIVAN") -> NEAKTIVAN | C83: =C82+1 -> 81 | D83: 9 | E83: =VLOOKUP(D83,Table3[[#All],[RB]:[OIB]],2,0) -> WAX D.O.O | F83: =VLOOKUP(D83,Table3[],3,0) -> 46869408875 | G83: =VLOOKUP(D83,Table3[],4,0) -> Rudolf Gergelj | H83: =VLOOKUP(D83,POSLODAVCI!$A$2:$J$107,9,0) -> Osijek | I83: =VLOOKUP(D83,Table3[],10,0) -> J.J. Strossmayera 333, 31000 Osijek | J83: Tijana Šlang | K83: 43125 | L83: 43161 | M83: 55473296794 | N83: Ž-ŽENSKO | O83: 35732 | P83: Doboj, BIH | Q83: HRVATSKO | R83: Ulica Josipa Reihl-Kira 1, Osijek | S83: NE | T83: SSS | V83: Trgovački dem. i prodavač | W83: Trgovački dem. i prodavač | X83: NEODREĐENO | Z83: PUNO | AA83: 40 | AH83: Osijek | AM83: 3750 | AN83: 1 | AO83: 3000 | AS83: 18 | AT83: 12 | AU83: 28.07.2018-15.08.2018 | AV83: 12 | AW83: 14.12.2018-31.12.2018 | AY83: 0 | AZ83: =IF(L83>0,"NEAKTIVAN","AKTIVAN") -> NEAKTIVAN | BA83: 92
A84: 58 | B84: =IF(L84>0,"NEAKTIVAN","AKTIVAN") -> NEAKTIVAN | C84: =C83+1 -> 82 | D84: 9 | E84: =VLOOKUP(D84,Table3[[#All],[RB]:[OIB]],2,0) -> WAX D.O.O | F84: =VLOOKUP(D84,Table3[],3,0) -> 46869408875 | G84: =VLOOKUP(D84,Table3[],4,0) -> Rudolf Gergelj | H84: =VLOOKUP(D84,POSLODAVCI!$A$2:$J$107,9,0) -> Osijek | I84: =VLOOKUP(D84,Table3[],10,0) -> J.J. Strossmayera 333, 31000 Osijek | J84: Sandra Aničić | K84: 43143 | L84: 43251 | M84: 90926163669 | N84: Ž-ŽENSKO | O84: 32241 | P84: Osijek | Q84: HRVATSKO | R84: Sjenjak 11, Osijek | S84: NE | T84: SSS | V84: Telefonist-operater u call c. | W84: Telefonist-operater u call c. | X84: NEODREĐENO | Z84: PUNO | AA84: 40 | AH84: Osijek | AM84: 3439.8 | AN84: 1 | AO84: 2751.84 | AS84: 16 | AT84: 12 | AU84: 28.07.2018-15.08.2018 | AV84: 12 | AW84: 14.12.2018-31.12.2018 | AZ84: =IF(L84>0,"NEAKTIVAN","AKTIVAN") -> NEAKTIVAN | BA84: 94
A85: 59 | B85: =IF(L85>0,"NEAKTIVAN","AKTIVAN") -> NEAKTIVAN | C85: =C84+1 -> 83 | D85: 9 | E85: =VLOOKUP(D85,Table3[[#All],[RB]:[OIB]],2,0) -> WAX D.O.O | F85: =VLOOKUP(D85,Table3[],3,0) -> 46869408875 | G85: =VLOOKUP(D85,Table3[],4,0) -> Rudolf Gergelj | H85: =VLOOKUP(D85,POSLODAVCI!$A$2:$J$107,9,0) -> Osijek | I85: =VLOOKUP(D85,Table3[],10,0) -> J.J. Strossmayera 333, 31000 Osijek | J85: Tanja Štajduhar | K85: 43143 | L85: 43244 | M85: 46616191748 | N85: Ž-ŽENSKO | O85: 34389 | P85: Osijek | Q85: HRVATSKO | R85: Krstova Ulica 78, Osijek | S85: NE | T85: SSS | V85: Trgovački dem. i prodavač | W85: Trgovački dem. i prodavač | X85: NEODREĐENO | Z85: PUNO | AA85: 40 | AH85: Osijek | AM85: 3750 | AN85: 1 | AO85: 3000 | AS85: 16 | AT85: 12 | AU85: 28.07.2018-15.08.2018 | AV85: 12 | AW85: 14.12.2018-31.12.2018 | AZ85: =IF(L85>0,"NEAKTIVAN","AKTIVAN") -> NEAKTIVAN | BA85: 93
A86: 60 | B86: =IF(L86>0,"NEAKTIVAN","AKTIVAN") -> NEAKTIVAN | C86: =C85+1 -> 84 | D86: 9 | E86: =VLOOKUP(D86,Table3[[#All],[RB]:[OIB]],2,0) -> WAX D.O.O | F86: =VLOOKUP(D86,Table3[],3,0) -> 46869408875 | G86: =VLOOKUP(D86,Table3[],4,0) -> Rudolf Gergelj | H86: =VLOOKUP(D86,POSLODAVCI!$A$2:$J$107,9,0) -> Osijek | I86: =VLOOKUP(D86,Table3[],10,0) -> J.J. Strossmayera 333, 31000 Osijek | J86: Tomislav Kostolić | K86: 43150 | L86: 43244 | M86: 32686911736 | N86: M-MUŠKO | O86: 35114 | P86: Osijek | Q86: HRVATSKO | R86: Ištvana Vencela 2, Gajić, Draž | S86: NE | T86: SSS | V86: Trgovački dem. i prodavač | W86: Trgovački dem. i prodavač | X86: NEODREĐENO | Z86: PUNO | AA86: 40 | AH86: Osijek | AM86: 3750 | AN86: 1 | AO86: 3000 | AS86: 16 | AT86: 12 | AU86: 28.07.2018-15.08.2018 | AV86: 12 | AW86: 14.12.2018-31.12.2018 | AZ86: =IF(L86>0,"NEAKTIVAN","AKTIVAN") -> NEAKTIVAN | BA86: 95
A87: 61 | B87: =IF(L87>0,"NEAKTIVAN","AKTIVAN") -> NEAKTIVAN | C87: =C86+1 -> 85 | D87: 9 | E87: =VLOOKUP(D87,Table3[[#All],[RB]:[OIB]],2,0) -> WAX D.O.O | F87: =VLOOKUP(D87,Table3[],3,0) -> 46869408875 | G87: =VLOOKUP(D87,Table3[],4,0) -> Rudolf Gergelj | H87: =VLOOKUP(D87,POSLODAVCI!$A$2:$J$107,9,0) -> Osijek | I87: =VLOOKUP(D87,Table3[],10,0) -> J.J. Strossmayera 333, 31000 Osijek | J87: Elena Balaž | K87: 43161 | L87: 43251 | M87: 91673634768 | N87: Ž-ŽENSKO | O87: 35655 | P87: Osijek | Q87: HRVATSKO | R87: Školska 100, Antunovac | S87: NE | T87: SSS | V87: Telefonist-operater u call c. | W87: Telefonist-operater u call c. | X87: NEODREĐENO | Z87: PUNO | AA87: 40 | AH87: Osijek | AM87: 3439.8 | AN87: 1 | AO87: 2751.84 | AZ87: =IF(L87>0,"NEAKTIVAN","AKTIVAN") -> NEAKTIVAN | BA87: 96
A88: 1 | B88: =IF(L88>0,"NEAKTIVAN","AKTIVAN") -> NEAKTIVAN | C88: =C87+1 -> 86 | D88: 7 | E88: =VLOOKUP(D88,Table3[[#All],[RB]:[OIB]],2,0) -> Puls Direkt d.o.o. | F88: =VLOOKUP(D88,Table3[],3,0) -> 67091284267 | G88: =VLOOKUP(D88,Table3[],4,0) -> Laszlo Szabo-Kocsis | H88: =VLOOKUP(D88,POSLODAVCI!$A$2:$J$107,9,0) -> Osijek | I88: =VLOOKUP(D88,Table3[],10,0) -> J.J. Strossmayera 333, 31000 Osijek | J88: Igor Kušeta | K88: 43164 | L88: 43249 | M88: 20893134129 | N88: M-MUŠKO | O88: 27457 | P88: Sremska Mitrovica, SRB | Q88: HRVATSKO | R88: Crni put 58, Višnjevac, Osijek | S88: NE | T88: VSS | V88: Komercijalist | W88: Komercijalist | X88: NEODREĐENO | Z88: PUNO | AA88: 40 | AH88: Osijek | AM88: 4125 | AN88: 1 | AO88: 3300 | AZ88: =IF(L88>0,"NEAKTIVAN","AKTIVAN") -> NEAKTIVAN
A89: 62 | B89: =IF(L89>0,"NEAKTIVAN","AKTIVAN") -> NEAKTIVAN | C89: =C88+1 -> 87 | D89: 9 | E89: =VLOOKUP(D89,Table3[[#All],[RB]:[OIB]],2,0) -> WAX D.O.O | F89: =VLOOKUP(D89,Table3[],3,0) -> 46869408875 | G89: =VLOOKUP(D89,Table3[],4,0) -> Rudolf Gergelj | H89: =VLOOKUP(D89,POSLODAVCI!$A$2:$J$107,9,0) -> Osijek | I89: =VLOOKUP(D89,Table3[],10,0) -> J.J. Strossmayera 333, 31000 Osijek | J89: Ksenija Matijević | K89: 43166 | L89: 43251 | M89: 40041577579 | N89: Ž-ŽENSKO | O89: 29215 | P89: Osijek | Q89: HRVATSKO | R89: J.J. Strossmayera 216, Osijek | S89: NE | T89: SSS | V89: Telefonist-operater u call c. | W89: Telefonist-operater u call c. | X89: NEODREĐENO | Z89: PUNO | AA89: 40 | AH89: Osijek | AM89: 3439.8 | AN89: 1 | AO89: 2751.84 | AZ89: =IF(L89>0,"NEAKTIVAN","AKTIVAN") -> NEAKTIVAN | BA89: 97
A90: 8 | B90: =IF(L90>0,"NEAKTIVAN","AKTIVAN") -> NEAKTIVAN | C90: =C89+1 -> 88 | D90: 3 | E90: =VLOOKUP(D90,Table3[[#All],[RB]:[OIB]],2,0) -> AGRO PMD d.o.o. | F90: =VLOOKUP(D90,Table3[],3,0) -> 09677499852 | G90: =VLOOKUP(D90,Table3[],4,0) -> Imre Bata | H90: =VLOOKUP(D90,POSLODAVCI!$A$2:$J$107,9,0) -> Osijek | I90: =VLOOKUP(D90,Table3[],10,0) -> Južno Pregrađe 38, Osijek | J90: Marina Kuharić | K90: 43227 | L90: 43434 | M90: 01107438327 | N90: Ž-ŽENSKO | O90: 30213 | Q90: HRVATSKO | R90: Sutlanska 3, Osijek | S90: NE | T90: VSS | V90: Administrativni referent | W90: Administrativni djelatnik | X90: ODREĐENO | Y90: 43434 | Z90: PUNO | AA90: 40 | AH90: Osijek | AL90: NE | AM90: 5950.6 | AN90: 1 | AO90: 4500 | AZ90: =IF(L90>0,"NEAKTIVAN","AKTIVAN") -> NEAKTIVAN | BA90: =A90 -> 8
A91: 63 | B91: =IF(L91>0,"NEAKTIVAN","AKTIVAN") -> NEAKTIVAN | C91: =C90+1 -> 89 | D91: 9 | E91: =VLOOKUP(D91,Table3[[#All],[RB]:[OIB]],2,0) -> WAX D.O.O | F91: =VLOOKUP(D91,Table3[],3,0) -> 46869408875 | G91: =VLOOKUP(D91,Table3[],4,0) -> Rudolf Gergelj | H91: =VLOOKUP(D91,POSLODAVCI!$A$2:$J$107,9,0) -> Osijek | I91: =VLOOKUP(D91,Table3[],10,0) -> J.J. Strossmayera 333, 31000 Osijek | J91: Nataša Marković | K91: 43228 | L91: 43251 | M91: 21298366100 | N91: Ž-ŽENSKO | O91: 26200 | P91: Kneževo | Q91: HRVATSKO | R91: J.J.STROSSMAYERA 230 OSIJEK | S91: NE | T91: SSS | V91: Telefonist-operater u call c. | W91: Telefonist-operater u call c. | X91: NEODREĐENO | Z91: PUNO | AA91: 40 | AM91: 3439.8 | AN91: 1 | AO91: 2751.48 | AZ91: =IF(L91>0,"NEAKTIVAN","AKTIVAN") -> NEAKTIVAN | BA91: 98
A92: 1 | B92: =IF(L92>0,"NEAKTIVAN","AKTIVAN") -> AKTIVAN | C92: =C91+1 -> 90 | D92: 15 | E92: =VLOOKUP(D92,Table3[[#All],[RB]:[OIB]],2,0) -> KERAMIKA ZOKA J.D.O.O. | F92: =VLOOKUP(D92,Table3[],3,0) -> 85005325176 | G92: =VLOOKUP(D92,Table3[],4,0) -> Zoran Francisković | H92: =VLOOKUP(D92,POSLODAVCI!$A$2:$J$107,9,0) -> osijek | I92: =VLOOKUP(D92,Table3[],10,0) -> Koprivnička 25 a, 31000 Osijek | J92: Zoran Francisković | K92: 43228 | M92: 37804110038 | N92: M-MUŠKO | O92: 26376 | P92: Osijek | Q92: HRVATSKO | R92: Koprivnička 25a, 31000 Osijek | S92: NE | T92: SSS | V92: Keramičar | W92: Keramičar | X92: NEODREĐENO | Z92: PUNO | AA92: 40 | AB92: HR61 2340 0093 2029 7065 6 | AH92: Osijek | AM92: 5213 | AN92: 1 | AZ92: =IF(L92>0,"NEAKTIVAN","AKTIVAN") -> AKTIVAN
A93: 2 | B93: =IF(L93>0,"NEAKTIVAN","AKTIVAN") -> NEAKTIVAN | C93: =C92+1 -> 91 | D93: 15 | E93: =VLOOKUP(D93,Table3[[#All],[RB]:[OIB]],2,0) -> KERAMIKA ZOKA J.D.O.O. | F93: =VLOOKUP(D93,Table3[],3,0) -> 85005325176 | G93: =VLOOKUP(D93,Table3[],4,0) -> Zoran Francisković | H93: =VLOOKUP(D93,POSLODAVCI!$A$2:$J$107,9,0) -> osijek | I93: =VLOOKUP(D93,Table3[],10,0) -> Koprivnička 25 a, 31000 Osijek | J93: Vlado Francisković | K93: 43228 | L93: 44895 | M93: 68539395396 | N93: M-MUŠKO | O93: 28257 | P93: Osijek | Q93: HRVATSKO | R93: Hrvatske Republike 18, 31000 Osijek | S93: NE | T93: SSS | V93: Keramičar | W93: Keramičar | X93: NEODREĐENO | Y93: 44895 | Z93: PUNO | AA93: 40 | AB93: HR54 2500 0093 2049 6435 1 | AH93: Osijek | AM93: 4200 | AN93: 1 | AZ93: =IF(L93>0,"NEAKTIVAN","AKTIVAN") -> NEAKTIVAN
A94: 64 | B94: =IF(L94>0,"NEAKTIVAN","AKTIVAN") -> NEAKTIVAN | C94: =C93+1 -> 92 | D94: 9 | E94: =VLOOKUP(D94,Table3[[#All],[RB]:[OIB]],2,0) -> WAX D.O.O | F94: =VLOOKUP(D94,Table3[],3,0) -> 46869408875 | G94: =VLOOKUP(D94,Table3[],4,0) -> Rudolf Gergelj | H94: =VLOOKUP(D94,POSLODAVCI!$A$2:$J$107,9,0) -> Osijek | I94: =VLOOKUP(D94,Table3[],10,0) -> J.J. Strossmayera 333, 31000 Osijek | J94: Dorotea Šešum | K94: 43236 | L94: 43251 | M94: 22669024508 | N94: Ž-ŽENSKO | O94: 35791 | P94: Osijek | Q94: HRVATSKO | R94: CRKVENA ULICA 16, 31000 OSIJEK | S94: NE | T94: SSS | V94: Telefonist-operater u call c. | W94: Telefonist-operater u call c. | X94: NEODREĐENO | Z94: PUNO | AA94: 40 | AB94: HR94 2340 0093 2324 7707 4 | AH94: Osijek | AM94: 3439.8 | AN94: 1 | AO94: 2751.84 | AZ94: =IF(L94>0,"NEAKTIVAN","AKTIVAN") -> NEAKTIVAN | BA94: 99
A95: 65 | B95: =IF(L95>0,"NEAKTIVAN","AKTIVAN") -> NEAKTIVAN | C95: =C94+1 -> 93 | D95: 9 | E95: =VLOOKUP(D95,Table3[[#All],[RB]:[OIB]],2,0) -> WAX D.O.O | F95: =VLOOKUP(D95,Table3[],3,0) -> 46869408875 | G95: =VLOOKUP(D95,Table3[],4,0) -> Rudolf Gergelj | H95: =VLOOKUP(D95,POSLODAVCI!$A$2:$J$107,9,0) -> Osijek | I95: =VLOOKUP(D95,Table3[],10,0) -> J.J. Strossmayera 333, 31000 Osijek | J95: Petra Mihaljević | K95: 43237 | L95: 43251 | M95: 27422215847 | N95: Ž-ŽENSKO | O95: 35182 | Q95: HRVATSKO | R95: Zagrebačka 31, Našice | S95: NE | T95: SSS | V95: Telefonist-operater u call c. | W95: Telefonist-operater u call c. | X95: NEODREĐENO | Z95: PUNO | AA95: 40 | AH95: Osijek | AM95: 3439.8 | AN95: 1 | AO95: 2751.84 | AZ95: =IF(L95>0,"NEAKTIVAN","AKTIVAN") -> NEAKTIVAN | BA95: 100
A96: 1 | B96: =IF(L96>0,"NEAKTIVAN","AKTIVAN") -> NEAKTIVAN | C96: =C95+1 -> 94 | D96: 16 | E96: =VLOOKUP(D96,Table3[[#All],[RB]:[OIB]],2,0) -> HOME PLUS | F96: =VLOOKUP(D96,Table3[],3,0) -> 18241574410 | G96: =VLOOKUP(D96,Table3[],4,0) -> LASZLO TIBOR | H96: =VLOOKUP(D96,POSLODAVCI!$A$2:$J$107,9,0) -> Osijek | I96: =VLOOKUP(D96,Table3[],10,0) -> Ivana Gundulića 28 | J96: Teodora Balog Denih | K96: 43245 | L96: 43465 | M96: 38288739117 | N96: Ž-ŽENSKO | O96: 24943 | P96: Osijek | Q96: HRVATSKO | R96: Maršala Tita 132., Zmajevac | S96: NE | T96: SSS | V96: Trgovački dem. i prodavač | W96: Trgovački dem. i prodavač | X96: NEODREĐENO | Z96: PUNO | AA96: 40 | AH96: Osijek | AL96: NE | AM96: 8426.46 | AN96: 1 | AO96: 6000 | AS96: 20 | AT96: 12 | AU96: 28.07.2018-15.08.2018 | AV96: 12 | AW96: 14.12.2018-31.12.2018 | AY96: 0 | AZ96: NEAKTIVAN | BA96: 2
A97: 2 | B97: =IF(L97>0,"NEAKTIVAN","AKTIVAN") -> NEAKTIVAN | C97: =C96+1 -> 95 | D97: 16 | E97: =VLOOKUP(D97,Table3[[#All],[RB]:[OIB]],2,0) -> HOME PLUS | F97: =VLOOKUP(D97,Table3[],3,0) -> 18241574410 | G97: =VLOOKUP(D97,Table3[],4,0) -> LASZLO TIBOR | H97: =VLOOKUP(D97,POSLODAVCI!$A$2:$J$107,9,0) -> Osijek | I97: =VLOOKUP(D97,Table3[],10,0) -> Ivana Gundulića 28 | J97: Laszlo Šipoš | K97: 43245 | L97: 43465 | M97: 92132715760 | N97: M-MUŠKO | O97: 34038 | P97: Osijek | Q97: HRVATSKO | R97: Šandora Petefija 57. Zmajevac | S97: NE | T97: SSS | V97: Trgovački dem. i prodavač | W97: Trgovački dem. i prodavač | X97: NEODREĐENO | Z97: PUNO | AA97: 40 | AB97: HR39 2340 0093 2192 5250 2 | AC97: 03580970793 | AH97: Osijek | AL97: NE | AM97: 3750 | AN97: 1 | AO97: 3000 | AP97: 2100 | AS97: 20 | AT97: 12 | AU97: 28.07.2018-15.08.2018 | AV97: 12 | AW97: 14.12.2018-31.12.2018 | AY97: 0 | AZ97: NEAKTIVAN | BA97: 3
A98: 3 | B98: =IF(L98>0,"NEAKTIVAN","AKTIVAN") -> NEAKTIVAN | C98: =C97+1 -> 96 | D98: 16 | E98: =VLOOKUP(D98,Table3[[#All],[RB]:[OIB]],2,0) -> HOME PLUS | F98: =VLOOKUP(D98,Table3[],3,0) -> 18241574410 | G98: =VLOOKUP(D98,Table3[],4,0) -> LASZLO TIBOR | H98: =VLOOKUP(D98,POSLODAVCI!$A$2:$J$107,9,0) -> Osijek | I98: =VLOOKUP(D98,Table3[],10,0) -> Ivana Gundulića 28 | J98: Sanela Bakač | K98: 43245 | L98: 43465 | M98: 24461973764 | N98: Ž-ŽENSKO | O98: 34039 | P98: Osijek | Q98: HRVATSKO | R98: J.Pannoniusa 9., Branjin Vrh | S98: NE | T98: SSS | V98: Trgovački dem. i prodavač | W98: Trgovački dem. i prodavač | X98: NEODREĐENO | Z98: PUNO | AA98: 40 | AB98: HR53 2390 0013 2910 0589 6 | AC98: 03579621740 | AH98: Osijek | AL98: NE | AM98: 3750 | AN98: 1 | AO98: 3000 | AP98: 600 | AS98: 20 | AT98: 12 | AU98: 28.07.2018-15.08.2018 | AV98: 12 | AW98: 14.12.2018-31.12.2018 | AY98: 0 | AZ98: NEAKTIVAN | BA98: 4
A99: 4 | B99: =IF(L99>0,"NEAKTIVAN","AKTIVAN") -> NEAKTIVAN | C99: =C98+1 -> 97 | D99: 16 | E99: =VLOOKUP(D99,Table3[[#All],[RB]:[OIB]],2,0) -> HOME PLUS | F99: =VLOOKUP(D99,Table3[],3,0) -> 18241574410 | G99: =VLOOKUP(D99,Table3[],4,0) -> LASZLO TIBOR | H99: =VLOOKUP(D99,POSLODAVCI!$A$2:$J$107,9,0) -> Osijek | I99: =VLOOKUP(D99,Table3[],10,0) -> Ivana Gundulića 28 | J99: Valentin Šipoš | K99: 43245 | L99: 43465 | M99: 22044787722 | N99: M-MUŠKO | O99: 34040 | P99: Osijek | Q99: HRVATSKO | R99: Glavna 100., Podolje | S99: NE | T99: SSS | V99: Trgovački dem. i prodavač | W99: Trgovački dem. i prodavač | X99: NEODREĐENO | Z99: PUNO | AA99: 40 | AB99: HR17 2340 0093 2303 6725 5 | AC99: 03593234902 | AH99: Osijek | AL99: NE | AM99: 3750 | AN99: 1 | AO99: 3000 | AP99: 1000 | AS99: 20 | AT99: 12 | AU99: 28.07.2018-15.08.2018 | AV99: 12 | AW99: 14.12.2018-31.12.2018 | AY99: 0 | AZ99: NEAKTIVAN | BA99: 5
A100: 5 | B100: =IF(L100>0,"NEAKTIVAN","AKTIVAN") -> NEAKTIVAN | C100: =C99+1 -> 98 | D100: 16 | E100: =VLOOKUP(D100,Table3[[#All],[RB]:[OIB]],2,0) -> HOME PLUS | F100: =VLOOKUP(D100,Table3[],3,0) -> 18241574410 | G100: =VLOOKUP(D100,Table3[],4,0) -> LASZLO TIBOR | H100: =VLOOKUP(D100,POSLODAVCI!$A$2:$J$107,9,0) -> Osijek | I100: =VLOOKUP(D100,Table3[],10,0) -> Ivana Gundulića 28 | J100: Jasmin Horvat | K100: 43245 | L100: 43465 | M100: 45227899437 | N100: M-MUŠKO | O100: 34041 | P100: Osijek | Q100: HRVATSKO | R100: Maršala Tita 129., Suza | S100: NE | T100: SSS | V100: Trgovački dem. i prodavač | W100: Trgovački dem. i prodavač | X100: NEODREĐENO | Z100: PUNO | AA100: 40 | AB100: HR81 2340 0093 2192 9074 0 | AC100: 03581190304 | AH100: Osijek | AL100: NE | AM100: 3750 | AN100: 1 | AO100: 3000 | AP100: 2000 | AS100: 20 | AT100: 12 | AU100: 28.07.2018-15.08.2018 | AV100: 12 | AW100: 14.12.2018-31.12.2018 | AY100: 0 | AZ100: NEAKTIVAN | BA100: 6
A101: 6 | B101: =IF(L101>0,"NEAKTIVAN","AKTIVAN") -> NEAKTIVAN | C101: =C100+1 -> 99 | D101: 16 | E101: =VLOOKUP(D101,Table3[[#All],[RB]:[OIB]],2,0) -> HOME PLUS | F101: =VLOOKUP(D101,Table3[],3,0) -> 18241574410 | G101: =VLOOKUP(D101,Table3[],4,0) -> LASZLO TIBOR | H101: =VLOOKUP(D101,POSLODAVCI!$A$2:$J$107,9,0) -> Osijek | I101: =VLOOKUP(D101,Table3[],10,0) -> Ivana Gundulića 28 | J101: Mirjana Nađ | K101: 43252 | L101: 43465 | M101: 00951235574 | N101: M-MUŠKO | O101: 34053 | P101: Osijek | Q101: HRVATSKO | R101: Vijenac Petrove Gore 13 | S101: NE | T101: SSS | V101: Telefonist-operater u call c. | W101: Telefonist-operater u call c. | X101: NEODREĐENO | Z101: PUNO | AA101: 40 | AH101: Osijek | AL101: NE | AM101: 3439.8 | AN101: 1.7 | AO101: 2751.84 | AS101: 20 | AT101: 12 | AU101: 28.07.2018-15.08.2018 | AV101: 12 | AW101: 14.12.2018-31.12.2018 | AY101: 0 | AZ101: NEAKTIVAN | BA101: 18
A102: 7 | B102: =IF(L102>0,"NEAKTIVAN","AKTIVAN") -> NEAKTIVAN | C102: =C101+1 -> 100 | D102: 16 | E102: =VLOOKUP(D102,Table3[[#All],[RB]:[OIB]],2,0) -> HOME PLUS | F102: =VLOOKUP(D102,Table3[],3,0) -> 18241574410 | G102: =VLOOKUP(D102,Table3[],4,0) -> LASZLO TIBOR | H102: =VLOOKUP(D102,POSLODAVCI!$A$2:$J$107,9,0) -> Osijek | I102: =VLOOKUP(D102,Table3[],10,0) -> Ivana Gundulića 28 | J102: Mirela Šenhof | K102: 43252 | L102: 43465 | M102: 46651411474 | N102: Ž-ŽENSKO | O102: 34054 | P102: Osijek | Q102: HRVATSKO | R102: Psunjska 93 a | S102: NE | T102: SSS | V102: Telefonist-operater u call c. | W102: Telefonist-operater u call c. | X102: NEODREĐENO | Z102: PUNO | AA102: 40 | AH102: Osijek | AL102: NE | AM102: 3439.8 | AN102: 1 | AO102: 2751.84 | AS102: 20 | AT102: 12 | AU102: 28.07.2018-15.08.2018 | AV102: 12 | AW102: 14.12.2018-31.12.2018 | AY102: 0 | AZ102: NEAKTIVAN | BA102: 19
...

Sheet Sheet2
A1: IME RADNIKA | B1: RADI OD | C1: RADI DO | D1: OIB RADNIKA | E1: BRUTO
A2: Ildiko Dragaš | B2: 43466 | D2: 16065838903 | E2: 6200.61
A3: Snježana Oreč | B3: 43466 | D3: 79843816739 | E3: 4225
A4: Lidija Toša | B4: 43466 | D4: 16260284290 | E4: 5250
A5: KARMELA BOŽIČEVIĆ | B5: 43474 | D5: 81476803276 | E5: 4375
A6: MRĐA SINIŠA | B6: 43640 | D6: 37440200087 | E6: 4375
A7: IVAN STANIĆ | B7: 43725 | D7: 86034825742 | E7: 4375
A8: SARA MRŠO | B8: 43738 | D8: 77737288895 | E8: 5093.03
A9: TOT KOMENDANOVIĆ KRISTINA | B9: 43759 | D9: 73717195719 | E9: 5084.22
A10: MARTINA JUKIĆ | B10: 43794 | D10: 72094958860 | E10: 4375
A11: JURICA STRAHINJIĆ | B11: 43837 | D11: 40752728430 | E11: 4375
A12: DARIO VRDOLJAK | B12: 43864 | D12: 05989691992 | E12: 4375
A13: ROMARIO BARBERIĆ | B13: 43892 | D13: 35671171883 | E13: 8426.46
A14: MARIJAN KRAJNOVIĆ | B14: 43892 | D14: 93342553119 | E14: 4375

Sheet UGOVOR CINDRIĆ
A1: 421
A2: Na temelju Zakona o radu ("Narodne novine", br. 93/14., 127/17, 73/18)
A3: Dana | B3: 44340 | C3: sklopljen je
A5: UGOVOR O RADU
A6: NA NEODREĐENO VRIJEME S DOPUNSKIM NEPUNIM RADNIM VREMENOM
A8: Kojim se zasniva radni odnos između poslodavca: | F8: =OFFSET(RADNICI!E2,A1,0) -> Vital Group d.o.o. | I8: OIB: | J8: =OFFSET(RADNICI!F2,A1,0) -> 45575918003
A9: (u daljenjem tekstu: Društvo), kojeg zastupa | E9: =OFFSET(RADNICI!G2,A1,0) -> Balázs Kulcsár | H9: s jedne strane,
A10: i
A11: radnika: | B11: =OFFSET(RADNICI!J2,$A$1,0) -> Vladimir Cindrić | E11: OIB: | F11: =OFFSET(RADNICI!M2,$A$1,0) -> 16238851829 | I11: s prebivalištem na adresi:
A12: =OFFSET(RADNICI!R2,$A$1,0) -> BRANKA RADIČEVIĆA 3 | G12: (u daljenjem tekstu: radnik), s druge strane.
A14: Članak 1.
A15: Opće odredbe
A17: 1. Ovim ugovorom se utvrđuju međusobna prava, obveze i odgovornosti na radu između Poslodavca i Radnika.
A18: 2. Ovim ugovorom radnik zasniva radni odnos na NEODREĐENO VRIJEME za obavljanje poslova
B19: =OFFSET(RADNICI!W2,$A$1,0) -> Stručnjak zaštite na radu
A20: 3. Ugovorene strane ugovaraju probni rad Radnika u trajanju od | H20: /
A21: 4. Mjesto rada radnika je u | E21: OSIJEKU I BELOM MANASTIRU
B22: A u slučaju potrebe poslodavca i u nekim drugim mjestima na području Republike Hrvatske.
A23: 5. Radnik počinje s radom | D23: =OFFSET(RADNICI!K2,$A$1,0) -> 44340
A25: Članak 2.
A26: Plaće i naknade
A28: 1. Za realizaciju preuzetih obveza iz točke I.2. Radniku pripada osnovna bruto plaća u iznosu od
B29: =OFFSET(RADNICI!AM2,$A$1,0) -> 514.54 | C29: a razmjerno broju sati. Ovisno o rezultatima rad radniku se može ispaltiti i stimulativni dio plaće.
A30: 2. Poslodavac će ispalćivati plaću za predhodni mjesec, dodatak na plaću sukladno Zakonu o rad, te naknade
B31: plaće najkasnije do posljednjeg dana u mjesecu za rad obavljen u predhodnom mjesecu.
A32: 3. Uz plaću navedenu u točki II.1. ovog ugovora Radniku pripada i stimulativni dio plaće prema odluci poslodavca.
A33: 4. Radnik ima pravo na povećanje plaće za
B34: - otežane uvjete rada | H34: 0.1
B35: - rad u dane blagdana i neradne dane utvrđene zakonom | H35: 0.5
B36: - rad nedjeljom | H36: 0.3
B37: - noćni rad | H37: 0.3
B38: - prekovremeni rad | H38: 0.5
B39: - za rad u drugoj smjeni u slučaju stalnog smjenskog rada / %
A41: Članak 3.
A42: Troškovi i naknade
A44: Radnik ima pravo na naknade troškova za službena putovanja u zemlji i inozemstvu, u visini propisanoj
A45: zakonom.
A46: Članak 4.
A47: Radno vrijeme i godišnji odmor
A49: 1. Radnik će raditi u | C49: DOPUNSKOM NEPUNOM | E49: radnom vremenu od | H49: 8 | I49: sati mjesečno.
A50: 2. Radno vrijeme određuje se nakon nakon redovnog radnog vremena,
B51: te počinje u 15:30 i završava u 16:30 sati. Ili možda svaka druga subota od 8 do 12 sati.
A52: 3. U tijeku rada radnik nema pravo koristiti dnevni odmor (stanku).
A54: Članak 5.
A55: Čuvanje poslovne tajne
A57: 1. Radnik se obvezuje da će za vrijeme trajanja Ugovora o radu, a i njegovog prestanka čuvati sve poslovne
A58: tajne poslodavca i njegovih komitenata prema neovlaštenim osobama, koje su po svojoj prirodi povjerene i
A59: zaštičene, a koje su mu bile povjerene ili koje je mogao saznati na poslu.
A61: Članak 6.
A62: Otkaz ugovora o radu
A64: 1. Ovaj Ugovor mogu – ne mogu redovito otkazati i Poslodavac i Radnik pod uvjetima propisanim zakonom.
A66: 2. U slučaju otkazivanja ovog Ugovora, ne primjenjuje se otkazni rok.
A68: Članak 7.
A69: Zaključne odredbe
... A71: 1. Za slučaj spora stranke ugovaraju mjesnu nadležnost stvarno nadležnog suda u Osijeku.
A72: 2. Ovaj ugovor stupa na snagu | D72: =D23 -> 44340
A73: 3. Ovaj je ugovor sklopljen u 3 istovjetna primjerka od kojih Poslodavac zadržava 2 primjerka a radnik
B74: 1 primjerak.
A76: U Osijeku , dana | C76: 44136
A79: Za poslodavca | G79: Radnik
A81: M.P.
A82: ____________________ | F82: ___________________

Sheet EVIDENCIJA NOVA
B1: 167 | F1: RB | G1: 808
A3: Naziv poslodavca: | C3: =OFFSET(RADNICI!E2,$G$1,0) -> D-INVOICE D.O.O.
A4: Sjedište (mjesto i adresa): | D4: =OFFSET(RADNICI!I2,$G$1,0) -> SV.IVANA KRSTITELJA 15, DARDA | H4: OIB: | I4: =OFFSET(RADNICI!F2,$G$1,0) -> 95114485977
D6: EVIDENCIJA O RADNICIMA
A7: prema Pravilniku o sadržaju i načinu vođenja evidencije o radnicima (NN 73/2017)
A9: Ime i prezime | G9: =OFFSET(RADNICI!J2,$G$1,0) -> VLADIMIR DEDUŠ
A10: Osobni identifikacijski broj (OIB) | G10: 39928283497
A11: Spol (M/Ž) | G11: =OFFSET(RADNICI!N2,G1,0) -> M-MUŠKO
A12: Dan, mjesec i godina rođenja | G12: =OFFSET(RADNICI!O2,G1,0) -> 30446
A13: Državljanstvo | G13: =OFFSET(RADNICI!Q2,G1,0) -> hrvatsko
A14: Prebivalište, odnosno boravište | G14: =OFFSET(RADNICI!R2,$G$1,0) -> Moslavačka 7 a
A15: Dozvola za boravak i rad ili potvrda o prijavi rada, ako ih je strani radnik obvezan imati | G15: =OFFSET(RADNICI!S2,G1,0) -> 0
A17: Stručno obrazovanje te posebne ispite i tečajeve koji su uvjet za obavljanje posla (uključujući licence, certifikate i slično) | G17: =OFFSET(RADNICI!T2,$G$1,0) -> sss
A19: Datum početka rada | G19: =OFFSET(RADNICI!K2,$G$1,0) -> 46181
A20: Radno mjesto, koje radnik obnaša kod poslodavca | G20: =OFFSET(RADNICI!W2,$G$1,0) -> maser / maserka
A21: Tjedno radno vrijeme | G21: =OFFSET(RADNICI!AA2,$G$1,0) -> 40
A22: BRUTO | G22: =OFFSET(RADNICI!AM2,$G$1,0) -> 1050
A23: Naznaka radi li se o ugovoru iz članka 61. stavka 3. i članka 62. stavka 3. Zakona o radu te broj radnih sati koje će radnik raditi temeljem takvog ugovora, kao i suglasnost poslodavca kod kojeg radnik radi u punom radnom vremenu ili poslodavaca kod kojih radnik u nepunom radnom vremenu radi 40 sati tjedno
A28: Trajanje rada u inozemstvu, država i mjesto rada, u slučaju upućivanja radnika u inozemstvo
A30: Trajanje privremenog ustupanja radnika u povezano društvo, sjedište i mjesto rada ustupljenog radnika te država poslovnog nastana povezanog društva, u slučaju ustupanja u inozemstvo
A33: Naznaka radi li se o poslovima na kojima se staž osiguranja računa s povećanim trajanjem i kako | G33: =OFFSET(RADNICI!AB2,$G$1,0) -> 0
A35: Mjesto rada, a ako ne postoji stalno ili glavno mjesto rada, napomena da se rad obavlja na različiti mjestima | G35: =OFFSET(RADNICI!AH2,$G$1,0) -> 0
A37: Ugovoreno tjedno radno vrijeme, određeno puno radno vrijeme, odnosno propisano skraćeno radno vrijeme u satima | G37: =OFFSET(RADNICI!AA2,$G$1,0) -> 40
A39: Vrijeme mirovanja radnog odnosa, neplaćenog dopusta, rodiljnih i roditeljskih dopusta ili korištenja drugih prava u skladu s posebnim propisom
A42: Datum prestanka radnog odnosa | G42: =IF(OFFSET(RADNICI!L2,$G$1,0)<>0,OFFSET(RADNICI!L2,$G$1,0)," ") -> 46210
A43: Razlog prestanka radnog odnosa | G43: =OFFSET(RADNICI!AI2,$G$1,0) -> 0
A44: Mirovinski staž do početka rada kod poslodavca | G44: =OFFSET(RADNICI!AC2,$G$1,0) -> 0
A45: Napomena

Sheet pot.oisplpl
A1: ='EVIDENCIJA NOVA'!G1 -> 808
A5: POSLODAVAC PRAVNA ILI FIZIČKA OSOBA
A6: OBVEZNIK UPLATE DOPRINOSA
A7: 1. NAZIV | B7: =OFFSET(RADNICI!E2,A1,0) -> D-INVOICE D.O.O.
A8: 2. ADRESA | B8: =OFFSET(RADNICI!I2,A1,0) -> SV.IVANA KRSTITELJA 15, DARDA
A9: 3. OIB | B9: =OFFSET(RADNICI!F2,A1,0) -> 95114485977
A10: 4. BROJ TELEFON/MOB/MAIL | C10: 031/214-792
C11: HZMO
C12: REGIONALNI URED
C13: OSIJEK
A17: Potvrda o isplaćenoj naknadi plaće za bolovanje na teret fonda za 2018g.
A20: Djelatnici | B20: =OFFSET(RADNICI!J2,$A$1,0) -> VLADIMIR DEDUŠ | D20: OIB | E20: =OFFSET(RADNICI!M2,$A$1,0) -> 31157145393 | F20: je isplaćeno | H20: 0
A21: plaće za bolovanje na teret fonda u 2018 g.
A23: U Osijeku , | B23: =TODAY() -> 46202
A26: _____________________________
A27: Potpis ovlaštene osobe
A28: M.P.

Sheet izj-prija
A1: 808
A2: =OFFSET(RADNICI!E2,A1,0) -> D-INVOICE D.O.O.
A3: =OFFSET(RADNICI!F2,$A$1,0) -> 95114485977
A5: IZJAVA O PREUZIMANJU PODATAKA
A7: Kojom ja | B7: =OFFSET(RADNICI!J2,$A$1,0) -> VLADIMIR DEDUŠ | D7: OIB | E7: =OFFSET(RADNICI!M2,$A$1,0) -> 31157145393 | F7: izjavljujem da sam preuzeo prijave na
A8: MIO i HZZO pri zapošljavanju.
A13: Dana: | B13: 46178
A19: Potpis: _________________

Sheet izj-prija_neneto
A1: 808
A2: =OFFSET(RADNICI!E2,A1,0) -> D-INVOICE D.O.O.
A3: =OFFSET(RADNICI!F2,$A$1,0) -> 95114485977
A5: Izjava o Neisplati neto plaće
A7: Kojom ja | B7: =OFFSET(RADNICI!J2,$A$1,0) -> VLADIMIR DEDUŠ | D7: OIB | E7: =OFFSET(RADNICI!M2,$A$1,0) -> 31157145393 | F7: izjavljujem da sam svjestan kako NETO za radno vrijemepreuzeo prijave na
A8: neću dobiti plaćeno jer niti ne moram dolaziti raditi.
A9: Također izjavljujem da ovu situaciju neću zlorabiti te poslodavca prijaviti inspektoratu rada.
A10: Poslodavac je svjestan da ću ja za vrijeme rada obavljati usluge masaže u svom obrtu i za iste
A11: izdavati račune. Te je informiran o sukobu interesa.
A13: Dana: | B13: 46178
A19: Potpis: _________________

Sheet ugovor_odr
A1: 813
A2: Na temelju Zakona o radu ("Narodne novine", br. 93/14., 127/17, 73/18)
A3: Dana | B3: 46178 | C3: sklopljen je
A5: UGOVOR O RADU NA ODREĐENO VRIJEME
A7: Kojim se zasniva radni odnos između poslodavca: | F7: =OFFSET(RADNICI!E2,A1,0) -> CLEANING FACILITY MANAGEMENT d.o.o. | H7: OIB: | I7: =OFFSET(RADNICI!F2,A1,0) -> 81730765098
A8: (u daljenjem tekstu: Društvo), kojeg zastupa | E8: =OFFSET(RADNICI!G2,A1,0) -> MICHAEL BAUER | G8: s jedne strane,
A9: i
A10: radnika: | B10: =OFFSET(RADNICI!J2,$A$1,0) -> LUJANAC FILIP | E10: OIB: | F10: =OFFSET(RADNICI!M2,$A$1,0) -> 79375783205 | H10: s prebivalištem na adresi:
A11: =OFFSET(RADNICI!R2,$A$1,0) -> ULICA TOME LUJANCA 36, BADLJEVINA, PAKRAC | G11: (u daljenjem tekstu: radnik), s druge strane.
A13: Članak 1.
A14: Opće odredbe
A16: 1. Ovim ugovorom se utvrđuju međusobna prava, obveze i odgovornosti na radu između Poslodavca i Radnika.
A17: 2. Ovim ugovorom radnik zasniva radni odnos na | F17: =OFFSET(RADNICI!X2,$A$1,0) -> ODREĐENO | G17: vrijeme, do | H17: =OFFSET(RADNICI!Y2,$A$1,0) -> 46295
A18: za obavljanje poslova | D18: =OFFSET(RADNICI!W2,$A$1,0) -> KONOBAR
A19: 3. Ugovorene strane ugovaraju probni rad Radnika u trajanju od | H19: 30 dana
A20: 3. Mjesto rada radnika je u mjestu | E20: =OFFSET(RADNICI!AH2,$A$1,0) -> 0
B21: A u slučaju potrebe poslodavca i u nekim drugim mjestima na području Republike Hrvatske.
A22: 4. Pored poslova navedenih u točki 2. ovog ugovora Radnik će obavljati i druge poslove prema nalogu
B23: Poslodavca, a koje su u skladu s naravi i vrsti posla za koje je zasnovan radni odnos.
A24: 5. Radnik počinje s radom | D24: =OFFSET(RADNICI!K2,$A$1,0) -> 46191 | F24: Stvarni početak rada ovisi o datumu ishodovanja radne dozvole.
A25: 6. Razlog zapošljavanja na određeno vrijeme je privremno povećan obim posla.
A27: Članak 2.
A28: Plaće i naknade
A30: 1. Za realizaciju preuzetih obveza iz točke I.2. Radniku pripada osnovna bruto plaća u iznosu od
B31: =OFFSET(RADNICI!AM2,$A$1,0) -> 0 | C31: EUR, razmjerno broju sati.
A32: 2. Isplata plaće obavljat će se jedanput mjesečno i to najkasnije do 15-og u mjesecu za predhodni mjesec.
A33: 3. Uz plaću navedenu u točki II.1. ovog ugovora Radniku pripada i stimulativni dio plaće prema odluci
A34: poslodavca.
A35: 4. Radnik ima pravo na povećanje plaće za
B36: - otežane uvjete rada | H36: 0.1
B37: - rad u dane blagdana i neradne dane utvrđene zakonom | H37: 0.5
B38: - rad nedjeljom | H38: 0.5
B39: - noćni rad | H39: 0.3
B40: - prekovremeni rad | H40: 0.5
B41: - za rad u drugoj smjeni u slučaju stalnog smjenskog rada | H41: %
A43: Članak 3.
A44: Troškovi i naknade
A45: Radnik ima pravo na naknade troškova za službena putovanja u zemlji i inozemstvu, u visini propisanoj
A46: zakonom.
A47: Članak 4.
A48: Radno vrijeme i godišnji odmor
A50: 1. Radnik će raditi u | D50: =OFFSET(RADNICI!Z2,$A$1,0) -> puno | E50: radnom vremenu od | H50: =OFFSET(RADNICI!AA2,$A$1,0) -> 40 | I50: sati tjedno.
A51: 2. Radno vrijeme određuje se jednokratno – dvokratno , prema rasporedu radnog vremena,
A52: a može trajati: 08:00h - 16:00h
A53: 3. U tijeku rada radnik ima pravo koristiti dnevni odmor u trajanju od 30 minuta.
A54: 4. Tjedni odmor radnik će koristiti PREMA RASPOREDU RADNOG VREMENA.
A55: 5. Radnik ima pravo na godišnji odmor u trajanju od 4 tjedna.
A57: Članak 5.
A58: Čuvanje poslovne tajne
A60: 1. Radnik se obvezuje da će za vrijeme trajanja Ugovora o radu, a i njegovog prestanka čuvati sve poslovne
A61: tajne poslodavca i njegovih komitenata prema neovlaštenim osobama, koje su po svojoj prirodi povjerene i
A62: zaštičene, a koje su mu bile povjerene ili koje je mogao saznati na poslu.
A64: Članak 6.
A65: Otkaz ugovora o radu
A67: 1. Ovaj Ugovor mogu – ne mogu redovito otkazati i Poslodavac i Radnik pod uvjetima propisanim zakonom,
B68: i prije isteka vremena koji je sklopljen.
A69: 2. U slučaju kad poslodavac redovito otkazuje, otkazni rok iznosi po čl. 121-122 , a u slučaju kad redovito
B70: otkazuje radnik otkazni rok je po čl. 121-122 ZOR-a.
A72: Članak 7.
A73: Zaključne odredbe
A75: 1. Za slučaj spora stranke ugovaraju mjesnu nadležnost stvarno nadležnog suda u Puli.
A76: 2. Ovaj ugovor stupa na snagu | D76: =D24 -> 46191
A77: 3. Ovaj je ugovor sklopljen u 3 istovjetna primjerka od kojih Poslodavac zadržava 2 primjerka a radnik
A78: 1 primjerak.
A80: U Osijeku, dana | D80: =B3 -> 46178
A83: Za poslodavca | G83: Radnik
A85: M.P.
A86: ____________________ | F86: ___________________

Sheet ugovor_neodr
A1: 814
A2: Na temelju Zakona o radu ("Narodne novine", br. 93/14., 127/17, 151/22, 46/23, 64/23)
A3: Dana | B3: =TODAY() -> 46202 | C3: sklopljen je
A5: UGOVOR O RADU NA NEODREĐENO VRIJEME
A7: Kojim se zasniva radni odnos između poslodavca: | F7: =OFFSET(RADNICI!E2,A1,0) -> Studio031, vl. Alma Okanović
A8: sa sjedištem u | C8: =OFFSET(RADNICI!H2,A1,0) -> Osijek | E8: =OFFSET(RADNICI!I2,A1,0) -> Gornjodravska 90c | H8: OIB: | I8: =OFFSET(RADNICI!F2,A1,0) -> 27380297470
A9: (u daljenjem tekstu: Društvo), kojeg zastupa | E9: =OFFSET(RADNICI!G2,A1,0) -> Alma Okanović | H9: s jedne strane,
A10: i
A11: radnika: | B11: =OFFSET(RADNICI!J2,$A$1,0) -> Stefan Kiš | E11: OIB: | F11: =OFFSET(RADNICI!M2,$A$1,0) -> 48661122615 | H11: s prebivalištem na adresi:
A12: =OFFSET(RADNICI!R2,$A$1,0) -> Tenja, Ulica Matije Vlačića 13A | F12: (u daljenjem tekstu: radnik), s druge strane.
A14: Članak 1.
A15: Opće odredbe
A17: 1. Ovim ugovorom se utvrđuju međusobna prava, obveze i odgovornosti na radu
B18: između Poslodavca i Radnika.
A19: 2. Ovim ugovorom radnik zasniva radni odnos na NEODREĐENO VRIJEME za obavljanje poslova
B20: =OFFSET(RADNICI!W2,$A$1,0) -> Frizer | E20: ( | F20: =OFFSET(RADNICI!T2,$A$1,0) -> SSS | G20: ).
A21: 3. Ugovorene strane ugovaraju probni rad Radnika u trajanju od | H21: 6 | I21: / mjeseca.
A22: 4. Mjesto rada radnika je u mjestu | D22: =OFFSET(RADNICI!H2,$A$1,0) -> Osijek | E22: , | F22: =OFFSET(RADNICI!I2,$A$1,0) -> Gornjodravska 90c | I22: .
B23: A u slučaju potrebe poslodavca i u nekim drugim mjestima na području Republike Hrvatske.
A24: 5. Pored poslova navedenih u točki 2. ovog ugovora Radnik će obavljati i druge poslove prema nalogu
B25: Poslodavca, a koje su u skladu s naravi i vrsti posla za koje je zasnovan radni odnos.
A26: 6. Radnik počinje s radom: | D26: =OFFSET(RADNICI!K2,$A$1,0) -> 46196
A28: Članak 2.
A29: Plaće i naknade
A31: 1. Za realizaciju preuzetih obveza iz točke I.2. Radniku pripada osnovna bruto plaća u iznosu od
B32: =OFFSET(RADNICI!AM2,$A$1,0) -> 1195.9 | C32: a razmjerno broju sati. Ovisno o rezultatima rad radniku se može ispaltiti
B33: i stimulativni dio plaće.
A34: 2. Poslodavac će ispalćivati plaću za predhodni mjesec, dodatak na plaću sukladno Zakonu o rad,
B35: te naknade plaće najkasnije do posljednjeg dana u mjesecu za rad obavljen u predhodnom mjesecu.
A36: 3. Uz plaću navedenu u točki II.1. ovog ugovora Radniku pripada i stimulativni dio plaće
B37: prema odluci poslodavca.
A38: 4. Radnik ima pravo na povećanje plaće za
B39: - otežane uvjete rada | H39: 0.1
B40: - rad u dane blagdana i neradne dane utvrđene zakonom | H40: 0.5
B41: - rad nedjeljom | H41: 0.5
B42: - noćni rad | H42: 0.3
B43: - prekovremeni rad | H43: 0.5
A45: Članak 3.
A46: Troškovi i naknade
A48: Radnik ima pravo naknade troškova za prijevoz na posao u iznosu radničke mjesečne karte
B49: za mjesec, u minimalnom iznosu : | E49: =OFFSET(RADNICI!AP2,$A$1,0) -> 40
A50: Radnik ima pravo na naknade troškova za službena putovanja u zemlji i inozemstvu,
B51: u visini propisanoj zakonom.
A53: Članak 4.
A54: Radno vrijeme i godišnji odmor
A56: 1. Radnik će raditi u | C56: =OFFSET(RADNICI!Z2,$A$1,0) -> puno | E56: radnom vremenu od | H56: =OFFSET(RADNICI!AA2,$A$1,0) -> 40 | I56: sati tjedno.
A57: 2. Radno vrijeme određuje se jednokratno – dvokratno , prema rasporedu radnog vremena,
B58: a može početi od 7:00 i završiti u 21:00 sati.
A59: 3. U tijeku rada radnik ima pravo koristiti dnevni odmor u trajanju od 30 minuta.
A60: 4. Tjedni odmor radnik će koristiti PREMA RASPOREDU RADNOG VREMENA.
A61: 5. Radnik ima pravo na godišnji odmor u trajanju od: | F61: =OFFSET(RADNICI!AS2,$A$1,0) -> 4 tjedna
A63: Članak 5.
A64: Čuvanje poslovne tajne
A66: 1. Radnik se obvezuje da će za vrijeme trajanja Ugovora o radu, a i njegovog prestanka čuvati sve
A67: poslovne tajne poslodavca i njegovih komitenata prema neovlaštenim osobama, koje su po svojoj
A68: prirodi povjerenje i zaštičene, a koje su mu bile povjerene ili koje je mogao saznati na poslu.
A70: Članak 6.
A71: Otkaz ugovora o radu
A73: 1. Ovaj Ugovor mogu redovito ili izvanredno otkazati i Poslodavac i Radnik pod uvjetima propisanim
B74: zakonom, i prije isteka vremena za koji je sklopljen.
A75: 2. U slučaju otkazivanja ugovora o radu, otkazni rok iznosi minimalno 30 radnih dana sukladno
B76: Zakonu o radu i drugim propisima koji se primjenjuje.
A78: Članak 7.
A79: Prava i obveze
A81: Ostala prava i obveze radnika i poslodavca: | E81: / / /
A83: Članak 8.
A84: Zaključne odredbe
A86: 1. Za slučaj spora stranke ugovaraju mjesnu nadležnost stvarno nadležnog suda u Osijeku.
A87: 2. Ovaj ugovor stupa na snagu | D87: =D26 -> 46196
A88: 3. Ovaj je ugovor sklopljen u 4 istovjetna primjerka od kojih Poslodavac zadržava 3 primjerka,
B89: a radnik 1 primjerak.
A91: U Osijeku , dana : | C91: =B3 -> 46202
A93: Za poslodavca: | G93: Radnik:
D94: M.P.
B97: =E9 -> Alma Okanović | I97: =B11 -> Stefan Kiš

Sheet ugovor_odr kristina
A1: 797
A2: Na temelju Zakona o radu ("Narodne novine", br. 93/14., 127/17, 73/18)
A3: Dana | B3: 46021 | C3: sklopljen je
A5: UGOVOR O RADU NA ODREĐENO VRIJEME
A7: Kojim se zasniva radni odnos između poslodavca: | F7: =OFFSET(RADNICI!E2,A1,0) -> D-INVOICE D.O.O. | H7: OIB: | I7: =OFFSET(RADNICI!F2,A1,0) -> 95114485977
A8: (u daljenjem tekstu: Društvo), kojeg zastupa | E8: =OFFSET(RADNICI!G2,A1,0) -> LAURA GERGELJ | G8: s jedne strane,
A9: i
A10: radnika: | B10: =OFFSET(RADNICI!J2,$A$1,0) -> Kristina Vezaj | E10: OIB: | F10: =OFFSET(RADNICI!M2,$A$1,0) -> 70729208004 | H10: s prebivalištem na adresi:
A11: =OFFSET(RADNICI!R2,$A$1,0) -> Bosutsko 13., 31000 Osijek | G11: (u daljenjem tekstu: radnik), s druge strane.
A13: Članak 1.
A14: Opće odredbe
A16: 1. Ovim ugovorom se utvrđuju međusobna prava, obveze i odgovornosti na radu između Poslodavca i Radnika.
A17: 2. Ovim ugovorom radnik zasniva radni odnos na | F17: =OFFSET(RADNICI!X2,$A$1,0) -> ODREĐENO | G17: vrijeme, do | H17: =OFFSET(RADNICI!L2,$A$1,0) -> 46111
A18: za obavljanje poslova | D18: =OFFSET(RADNICI!W2,$A$1,0) -> maser
A19: 3. Ugovorene strane ugovaraju probni rad Radnika u trajanju od | H19: 30 dana
A20: 3. Mjesto rada radnika je u mjestu | E20: =OFFSET(RADNICI!I2,$A$1,0) -> SV.IVANA KRSTITELJA 15, DARDA
B21: A u slučaju potrebe poslodavca i u nekim drugim mjestima na području Republike Hrvatske.
A22: 4. Pored poslova navedenih u točki 2. ovog ugovora Radnik će obavljati i druge poslove prema nalogu
B23: Poslodavca, a koje su u skladu s naravi i vrsti posla za koje je zasnovan radni odnos.
A24: 5. Radnik počinje s radom | D24: =OFFSET(RADNICI!K2,$A$1,0) -> 46021 | F24: Stvarni početak rada ovisi o datumu ishodovanja radne dozvole.
A25: 6. Razlog zapošljavanja na određeno vrijeme je privremno povećan obim posla.
A27: Članak 2.
A28: Plaće i naknade
A30: 1. Za realizaciju preuzetih obveza iz točke I.2. Radniku pripada osnovna bruto plaća u iznosu od
B31: =OFFSET(RADNICI!AM2,$A$1,0) -> 1295.45 | C31: EUR, razmjerno broju sati.
A32: 2. Isplata plaće obavljat će se jedanput mjesečno i to najkasnije do 15-og u mjesecu za predhodni mjesec.
A33: 3. Uz plaću navedenu u točki II.1. ovog ugovora Radniku pripada i stimulativni dio plaće prema odluci
A34: poslodavca.
A35: 4. Radnik ima pravo na povećanje plaće za
B36: - otežane uvjete rada | H36: 0.1
B37: - rad u dane blagdana i neradne dane utvrđene zakonom | H37: 0.5
B38: - rad nedjeljom | H38: 0.5
B39: - noćni rad | H39: 0.3
B40: - prekovremeni rad | H40: 0.5
B41: - za rad u drugoj smjeni u slučaju stalnog smjenskog rada | H41: %
A43: Članak 3.
A44: Troškovi i naknade
A45: Radnik ima pravo na naknade troškova za službena putovanja u zemlji i inozemstvu, u visini propisanoj
A46: zakonom.
A47: Članak 4.
A48: Radno vrijeme i godišnji odmor
A50: 1. Radnik će raditi u | D50: =OFFSET(RADNICI!Z2,$A$1,0) -> puno | E50: radnom vremenu od | H50: =OFFSET(RADNICI!AA2,$A$1,0) -> 40 | I50: sati tjedno.
A51: 2. Radno vrijeme određuje se jednokratno – dvokratno , prema rasporedu radnog vremena,
A52: a može trajati: 08:00h - 16:00h
A53: 3. U tijeku rada radnik ima pravo koristiti dnevni odmor u trajanju od 30 minuta.
A54: 4. Tjedni odmor radnik će koristiti PREMA RASPOREDU RADNOG VREMENA.
A55: 5. Radnik ima pravo na godišnji odmor u trajanju od 4 tjedna.
A57: Članak 5.
A58: Čuvanje poslovne tajne
A60: 1. Radnik se obvezuje da će za vrijeme trajanja Ugovora o radu, a i njegovog prestanka čuvati sve poslovne
A61: tajne poslodavca i njegovih komitenata prema neovlaštenim osobama, koje su po svojoj prirodi povjerene i
A62: zaštičene, a koje su mu bile povjerene ili koje je mogao saznati na poslu.
A64: Članak 6.
A65: Otkaz ugovora o radu
A67: 1. Ovaj Ugovor mogu – ne mogu redovito otkazati i Poslodavac i Radnik pod uvjetima propisanim zakonom,
B68: i prije isteka vremena koji je sklopljen.
A69: 2. U slučaju kad poslodavac redovito otkazuje, otkazni rok iznosi po čl. 121-122 , a u slučaju kad redovito
B70: otkazuje radnik otkazni rok je po čl. 121-122 ZOR-a.
A72: Članak 7.
A73: Zaključne odredbe
A75: 1. Za slučaj spora stranke ugovaraju mjesnu nadležnost stvarno nadležnog suda u Puli.
A76: 2. Ovaj ugovor stupa na snagu | D76: =D24 -> 46021
A77: 3. Ovaj je ugovor sklopljen u 3 istovjetna primjerka od kojih Poslodavac zadržava 2 primjerka a radnik
A78: 1 primjerak.
A80: U Osijeku, dana | D80: =B3 -> 46021
A83: Za poslodavca | G83: Radnik
A85: M.P.
A86: ____________________ | F86: ___________________

Sheet ugovor_odr TJ
A1: ='EVIDENCIJA NOVA'!G1 -> 808
A2: Na temelju Zakona o radu ("Narodne novine", br. 93/14., 127/17, 73/18)
A3: Dana | B3: 01.04.2025. | C3: sklopljen je
A5: UGOVOR O RADU NA ODREĐENO VRIJEME
A7: Kojim se zasniva radni odnos između poslodavca: | F7: =OFFSET(RADNICI!E2,A1,0) -> D-INVOICE D.O.O. | H7: OIB: | I7: =OFFSET(RADNICI!F2,A1,0) -> 95114485977
A8: (u daljenjem tekstu: Društvo), kojeg zastupa | E8: =OFFSET(RADNICI!G2,A1,0) -> LAURA GERGELJ | G8: s jedne strane,
A9: i
A10: radnika: | B10: =OFFSET(RADNICI!J2,$A$1,0) -> VLADIMIR DEDUŠ | E10: OIB: | F10: =OFFSET(RADNICI!M2,$A$1,0) -> 31157145393 | H10: s prebivalištem na adresi:
A11: =OFFSET(RADNICI!R2,$A$1,0) -> Moslavačka 7 a | G11: (u daljenjem tekstu: radnik), s druge strane.
A13: Članak 1.
A14: Opće odredbe
A16: 1. Ovim ugovorom se utvrđuju međusobna prava, obveze i odgovornosti na radu između Poslodavca i Radnika.
A17: 2. Ovim ugovorom radnik zasniva radni odnos na | F17: =OFFSET(RADNICI!X2,$A$1,0) -> Određeno | G17: vrijeme, do | H17: =OFFSET(RADNICI!L2,$A$1,0) -> 46210
A18: za obavljanje poslova | D18: =OFFSET(RADNICI!W2,$A$1,0) -> maser / maserka
A19: 3. Ugovorene strane ugovaraju probni rad Radnika u trajanju od | H19: 30 dana
A20: 3. Mjesto rada radnika je u mjestu | E20: =OFFSET(RADNICI!I2,$A$1,0) -> SV.IVANA KRSTITELJA 15, DARDA
B21: A u slučaju potrebe poslodavca i u nekim drugim mjestima na području Republike Hrvatske.
A22: 4. Pored poslova navedenih u točki 2. ovog ugovora Radnik će obavljati i druge poslove prema nalogu
B23: Poslodavca, a koje su u skladu s naravi i vrsti posla za koje je zasnovan radni odnos.
A24: 5. Radnik počinje s radom | D24: =OFFSET(RADNICI!K2,$A$1,0) -> 46181 | F24: Stvarni početak rada ovisi o datumu ishodovanja radne dozvole.
A25: 6. Razlog zapošljavanja na određeno vrijeme je privremno povećan obim posla.
A27: Članak 2.
A28: Plaće i naknade
A30: 1. Za realizaciju preuzetih obveza iz točke I.2. Radniku pripada osnovna bruto plaća u iznosu od
B31: 1037.93 | C31: EUR, razmjerno broju sati.
A32: 2. Isplata plaće obavljat će se jedanput mjesečno i to najkasnije do 15-og u mjesecu za predhodni mjesec.
A33: 3. Uz plaću navedenu u točki II.1. ovog ugovora Radniku pripada i stimulativni dio plaće prema odluci
A34: poslodavca.
A35: 4. Radnik ima pravo na povećanje plaće za
B36: - otežane uvjete rada | H36: 0.1
B37: - rad u dane blagdana i neradne dane utvrđene zakonom | H37: 0.5
B38: - rad nedjeljom | H38: 0.5
B39: - noćni rad | H39: 0.3
B40: - prekovremeni rad | H40: 0.5
B41: - za rad u drugoj smjeni u slučaju stalnog smjenskog rada | H41: %
A43: Članak 3.
A44: Troškovi i naknade
A45: Radnik ima pravo na naknade troškova za službena putovanja u zemlji i inozemstvu, u visini propisanoj
A46: zakonom.
A47: Članak 4.
A48: Radno vrijeme i godišnji odmor
A50: 1. Radnik će raditi u | D50: =OFFSET(RADNICI!Z2,$A$1,0) -> puno | E50: radnom vremenu od | H50: =OFFSET(RADNICI!AA2,$A$1,0) -> 40 | I50: sati tjedno.
A51: 2. Radno vrijeme određuje se jednokratno – dvokratno , prema rasporedu radnog vremena,
A52: a može trajati: 08:00h - 16:00h
A53: 3. U tijeku rada radnik ima pravo koristiti dnevni odmor u trajanju od 30 minuta.
A54: 4. Tjedni odmor radnik će koristiti PREMA RASPOREDU RADNOG VREMENA.
A55: 5. Radnik ima pravo na godišnji odmor u trajanju od 4 tjedna.
A57: Članak 5.
A58: Čuvanje poslovne tajne
A60: 1. Radnik se obvezuje da će za vrijeme trajanja Ugovora o radu, a i njegovog prestanka čuvati sve poslovne
A61: tajne poslodavca i njegovih komitenata prema neovlaštenim osobama, koje su po svojoj prirodi povjerene i
A62: zaštičene, a koje su mu bile povjerene ili koje je mogao saznati na poslu.
A64: Članak 6.
A65: Otkaz ugovora o radu
A67: 1. Ovaj Ugovor mogu – ne mogu redovito otkazati i Poslodavac i Radnik pod uvjetima propisanim zakonom,
B68: i prije isteka vremena koji je sklopljen.
A69: 2. U slučaju kad poslodavac redovito otkazuje, otkazni rok iznosi po čl. 121-122 , a u slučaju kad redovito
B70: otkazuje radnik otkazni rok je po čl. 121-122 ZOR-a.
A72: Članak 7.
A73: Zaključne odredbe
A75: 1. Za slučaj spora stranke ugovaraju mjesnu nadležnost stvarno nadležnog suda u Puli.
A76: 2. Ovaj ugovor stupa na snagu | D76: =D24 -> 46181
A77: 3. Ovaj je ugovor sklopljen u 3 istovjetna primjerka od kojih Poslodavac zadržava 2 primjerka a radnik
A78: 1 primjerak.
A80: Članak 8.
A81: Dužnosti i obveze radnika iz ovog ugovora
A83: 1. Poštivati odredbe radnog vremena, na posao dolaziti 15 minuta ranije.
A84: 2. Brinuti da radna obuća i odjeća budu besprijekorno čisti
A85: 3. Nositi isključivo odjeću koja je predviđena za rad u lokalu.
A86: 4. Svakodnevno održavati higijenu noktiju, kose i cijeloga tijela.
A87: 5. Ažurno voditi nadzorne liste kuhinje, poštivati i provoditi sve preporuke HACC standarda.
A88: 6. Konstantno održavati čistoću prostora, kuhinjske opreme i ostalog inventara u kuhinji ugostiteljskog objekta.
A89: 7. Kuhinjsko suđe prati strojno, te ih nakon pranja polirati i odlagati na predviđena mjesta.
A90: 8. Obavezno izdavati račune i otpremnice za svako jelo dostavljaču ili konobaru, čuvati sve narudžbe i kasa blokove za hranu na posebno označenom mjestu.
... A97: Ovaj ugovor je sastavljen u 2 (dva) primjer,a od kojih jedan zadržava radnik i jedan poslodavac. Stranke su ga pročitale i razumjele, što potvrđuju vlastoručnim potpisom.
A99: U Suzi | D99: 01.04.2025.
A102: Za poslodavca | G102: Radnik
A104: M.P.
A105: ____________________ | F105: ___________________

Sheet ugovor_neo
A1: 814
A2: Na temelju Zakona o radu ("Narodne novine", br. 93/14., 127/17, 73/18)
A3: Dana | B3: 46190 | C3: sklopljen je
A5: UGOVOR O RADU NA NEODREĐENO VRIJEME
A7: Kojim se zasniva radni odnos između poslodavca: | F7: =OFFSET(RADNICI!E2,A1,0) -> Studio031, vl. Alma Okanović | I7: , OIB: | J7: =OFFSET(RADNICI!F2,A1,0) -> 27380297470
A8: (u daljenjem tekstu: Poslodavac), kojeg zastupa | E8: =OFFSET(RADNICI!G2,A1,0) -> Alma Okanović | G8: , s jedne strane i
A9: radnika: | B9: =OFFSET(RADNICI!J2,$A$1,0) -> Stefan Kiš | E9: , OIB: | F9: =OFFSET(RADNICI!M2,$A$1,0) -> 48661122615 | H9: s prebivalištem na adresi:
A10: =OFFSET(RADNICI!R2,$A$1,0) -> Tenja, Ulica Matije Vlačića 13A | D10: (u daljenjem tekstu: radnik), s druge strane.
A12: Članak 1.
A13: Opće odredbe
A15: 1. Ovim ugovorom se utvrđuju međusobna prava, obveze i odgovornosti na radu između Poslodavca i Radnika.
A16: 2. Ovim ugovorom radnik zasniva radni odnos na NEODREĐENO VRIJEME za obavljanje poslova
B17: =OFFSET(RADNICI!W2,$A$1,0) -> Frizer
A18: 3. Ugovorene strane ugovaraju probni rad Radnika u trajanju od 3 mjeseca.
A19: 4. Mjesto rada radnika je u mjestu | E19: =OFFSET(RADNICI!AH2,$A$1,0) -> Osijek, Gornjodravska 90C
A20: U slučaju potrebe poslodavca i u nekim drugim mjestima na području Republike Hrvatske.
A21: 5. Pored poslova navedenih u točki 2. ovog ugovora Radnik će obavljati i druge poslove prema nalogu
A22: Poslodavca, a koje su u skladu s naravi i vrsti posla za koje je zasnovan radni odnos.
A23: 6. Radnik počinje s radom | D23: =OFFSET(RADNICI!K2,$A$1,0) -> 46196 | E23: , stvarni rad ovisi o datumu ishodovanja radne dozvole.
A25: Članak 2.
A26: Plaće i naknade
A28: 1. Za realizaciju preuzetih obveza iz točke I.2. Radniku pripada osnovna bruto plaća u iznosu od
A29: =OFFSET(RADNICI!AM2,$A$1,0) -> 1195.9 | B29: , a razmjerno broju sati.
A30: 2. Poslodavac će isplaćivati plaću za predhodni mjesec, dodatak na plaću sukladno Zakonu o radu, te naknade
A31: plaće najkasnije do posljednjeg dana u mjesecu za rad obavljen u predhodnom mjesecu.
A32: 3. Uz plaću navedenu u točki II.1. ovog ugovora Radniku pripada i stimulativni dio plaće prema
A33: odluci poslodavca.
A34: 4. Radnik ima pravo na povećanje plaće za
B35: - otežane uvjete rada | H35: 0.1
B36: - rad u dane blagdana i neradne dane utvrđene zakonom | H36: 0.5
B37: - rad nedjeljom | H37: 0.5
B38: - noćni rad | H38: 0.3
B39: - prekovremeni rad | H39: 0.5
B40: - za rad u drugoj smjeni u slučaju stalnog smjenskog rada / % | H40: 0.3
A44: Članak 3.
A45: Troškovi i naknade
A47: Radnik ima pravo naknade troškova za prijevoz na posao u iznosu radničke mjesečne karte za mjesec.
A49: Radnik ima pravo na naknade troškova za službena putovanja u zemlji i inozemstvu, u visini propisanoj
A50: zakonom.
A52: Članak 4.
A53: Radno vrijeme i godišnji odmor
A55: 1. Radnik će raditi | C55: =OFFSET(RADNICI!Z2,$A$1,0) -> puno | D55: radno vrijeme od | F55: =OFFSET(RADNICI!AA2,$A$1,0) -> 40 | G55: sati tjedno.
A56: 2. Radno vrijeme određuje se jednokratno , prema rasporedu radnog vremena,
A57: a može početi od 7:00 i završiti u 23:00 sati.
A58: 3. U tijeku rada radnik ima pravo koristiti dnevni odmor u trajanju od 30 minuta.
A59: 4. Tjedni odmor radnik će koristiti PREMA RASPOREDU RADNOG VREMENA.
A60: 5. Radnik ima pravo na godišnji odmor u trajanju od 4 tjedna.
A62: Članak 5.
A63: Čuvanje poslovne tajne
A65: 1. Radnik se obvezuje da će za vrijeme trajanja Ugovora o radu, a i njegovog prestanka čuvati sve poslovne
A66: tajne poslodavca i njegovih komitenata prema neovlaštenim osobama, koje su po svojoj prirodi povjerene i
A67: zaštičene, a koje su mu bile povjerene ili koje je mogao saznati na poslu.
A69: Članak 6.
A70: Otkaz ugovora o radu
... A79: 1. Za slučaj spora stranke ugovaraju mjesnu nadležnost stvarno nadležnog suda u Osijeku.
A80: 2. Ovaj ugovor stupa na snagu | D80: =D23 -> 46196
A81: 3. Ovaj je ugovor sklopljen u 3 istovjetna primjerka od kojih Poslodavac zadržava 2 primjerka a radnik
A82: 1 primjerak.
A84: U NOVIGRADU, dana | C84: =B3 -> 46190
A87: Za poslodavca | G87: Radnik
A89: M.P.
A90: ____________________ | G90: ___________________

Sheet ugovor_odrMOZ
A1: 712
A2: Na temelju Zakona o radu ("Narodne novine", br. 93/14., 127/17, 73/18)
A3: Dana | B3: =OFFSET(RADNICI!K2,$A$1,0) -> 45413 | C3: sklopljen je
A5: UGOVOR O RADU NA ODREĐENO VRIJEME
A7: Kojim se zasniva radni odnos između poslodavca: | E7: =OFFSET(RADNICI!E2,A1,0) -> PORTO RUNKE j.d.o.o. | H7: OIB: | I7: =OFFSET(RADNICI!F2,A1,0) -> 72434492423
A8: (u daljenjem tekstu: Društvo), kojeg zastupa | E8: =OFFSET(RADNICI!G2,A1,0) -> Željko Stipić | G8: s jedne strane,
A9: i
A10: radnika: | B10: =OFFSET(RADNICI!J2,$A$1,0) -> Marina Radić | E10: OIB: | F10: =OFFSET(RADNICI!M2,$A$1,0) -> 74273122978 | H10: s prebivalištem na adresi:
A11: =OFFSET(RADNICI!R2,$A$1,0) -> Kosova ulica 31, 52100 Pula | D11: (u daljenjem tekstu: radnik), s druge strane.
A13: Članak 1.
A14: Opće odredbe
A16: 1. Ovim ugovorom se utvrđuju međusobna prava, obveze i odgovornosti na radu između Poslodavca i Radnika.
A17: 2. Ovim ugovorom radnik zasniva radni odnos na ODREĐENO VRIJEME do datuma | I17: =OFFSET(RADNICI!L2,$A$1,0) -> 45566
A18: za obavljanje poslova | C18: =OFFSET(RADNICI!V2,$A$1,0) -> Konobar
A19: 3. Ugovorene strane ugovaraju probni rad Radnika u trajanju od | G19: 1 mjesec
A20: 4. Mjesto rada radnika je u mjestu | E20: =OFFSET(RADNICI!I2,$A$1,0) -> Runke 43, 52203 Premantura, Medulin
A21: A u slučaju potrebe poslodavca i u nekim drugim mjestima na području Republike Hrvatske.
A22: 5. Pored poslova navedenih u točki 2. ovog ugovora Radnik će obavljati i druge poslove prema nalogu
A23: Poslodavca, a koje su u skladu s naravi i vrsti posla za koje je zasnovan radni odnos.
A24: 6. Radnik počinje s radom | D24: =OFFSET(RADNICI!K2,$A$1,0) -> 45413
A26: Članak 2.
A27: Plaće i naknade
A29: 1. Za realizaciju preuzetih obveza iz točke I.2. Radniku pripada osnovna bruto plaća u iznosu od
A30: =OFFSET(RADNICI!AM2,$A$1,0) -> 880 | B30: , razmjerno broju sati.
A31: 2. Poslodavac će isplaćivati plaću za predhodni mjesec, dodatak na plaću sukladno Zakonu o rad, te naknade
A32: plaće najkasnije do 15. u mjesecu za rad obavljen u prethodnom mjesecu.
A33: 3. Uz plaću navedenu u točki II.1. ovog ugovora Radniku pripada i stimulativni dio plaće prema odluci poslodavca.
A34: 4. Radnik ima pravo na povećanje plaće za
B35: - otežane uvjete rada | H35: 0.1
B36: - rad u dane blagdana i neradne dane utvrđene zakonom | H36: 0.5
B37: - rad nedjeljom | H37: 0.5
B38: - noćni rad | H38: 0.3
B39: - prekovremeni rad | H39: 0.5
B40: - za rad u drugoj smjeni u slučaju stalnog smjenskog rada | H40: %
A42: Članak 3.
A43: Troškovi i naknade
A45: Radnik ima pravo naknade troškova za prijevoz na posao u iznosu radničke mjesečne karte za mjesec.
A46: Radnik ima pravo na naknade troškova za službena putovanja u zemlji i inozemstvu, u visini propisanoj
A47: zakonom.
A49: Članak 4.
A50: Radno vrijeme i godišnji odmor
A52: 1. Radnik će raditi | C52: =OFFSET(RADNICI!Z2,$A$1,0) -> puno | D52: radno vrijeme od | F52: =OFFSET(RADNICI!AA2,$A$1,0) -> 40 | G52: sati tjedno.
A53: 2. Radno vrijeme određuje se jednokratno – dvokratno , prema rasporedu radnog vremena,
A54: a može trajati: 10:00-18:00
A55: 3. U tijeku rada radnik ima pravo koristiti dnevni odmor u trajanju od 30 minuta.
A56: 4. Tjedni odmor radnik će koristiti PREMA RASPOREDU RADNOG VREMENA.
A57: 5. Radnik ima pravo na godišnji odmor u trajanju od 4 tjedna.
A59: Članak 5.
A60: Čuvanje poslovne tajne
A62: 1. Radnik se obvezuje da će za vrijeme trajanja Ugovora o radu, a i njegovog prestanka čuvati sve poslovne
A63: tajne poslodavca i njegovih komitenata prema neovlaštenim osobama, koje su po svojoj prirodi povjerene i
A64: zaštićene, a koje su mu bile povjerene ili koje je mogao saznati na poslu.
A66: Članak 6.
A67: Otkaz ugovora o radu
... A82: 1. Za slučaj spora stranke ugovaraju mjesnu nadležnost stvarno nadležnog suda u Puli.
A83: 2. Ovaj ugovor stupa na snagu | D83: =D24 -> 45413
A84: 3. Ovaj je ugovor sklopljen u 3 istovjetna primjerka od kojih Poslodavac zadržava 2 primjerka a radnik
A85: 1 primjerak.
A87: U Puli, dana 1.5.2024.
A89: Za poslodavca | G89: Radnik
A91: M.P.
A92: ____________________ | F92: ___________________

Sheet ugovor_neoMOZ
A1: 711
A2: Na temelju Zakona o radu ("Narodne novine", br. 93/14., 127/17, 73/18)
A3: Dana | B3: =OFFSET(RADNICI!K2,$A$1,0) -> 45391 | C3: sklopljen je
A5: UGOVOR O RADU NA NEODREĐENO VRIJEME
A7: Kojim se zasniva radni odnos između poslodavca: | E7: =OFFSET(RADNICI!E2,A1,0) -> PORTO RUNKE j.d.o.o. | H7: OIB: | I7: =OFFSET(RADNICI!F2,A1,0) -> 72434492423
A8: (u daljenjem tekstu: Društvo), kojeg zastupa | E8: =OFFSET(RADNICI!G2,A1,0) -> Željko Stipić | G8: s jedne strane,
A9: i
A10: radnika: | B10: =OFFSET(RADNICI!J2,$A$1,0) -> Željko Stipić | E10: OIB: | F10: =OFFSET(RADNICI!M2,$A$1,0) -> 98757945085 | H10: s prebivalištem na adresi:
A11: =OFFSET(RADNICI!R2,$A$1,0) -> Kosova ulica 31, 52100 Pula | D11: (u daljenjem tekstu: radnik), s druge strane.
A13: Članak 1.
A14: Opće odredbe
A16: 1. Ovim ugovorom se utvrđuju međusobna prava, obveze i odgovornosti na radu između Poslodavca i Radnika.
A17: 2. Ovim ugovorom radnik zasniva radni odnos na NEODREĐENO VRIJEME za obavljanje poslova
B18: =OFFSET(RADNICI!W2,$A$1,0) -> Direktor
A19: 3. Ugovorene strane ugovaraju probni rad Radnika u trajanju od | H19: 1 mjesec
A20: 4. Mjesto rada radnika je u mjestu | E20: =OFFSET(RADNICI!I2,$A$1,0) -> Runke 43, 52203 Premantura, Medulin
A21: A u slučaju potrebe poslodavca i u nekim drugim mjestima na području Republike Hrvatske.
A22: 5. Pored poslova navedenih u točki 2. ovog ugovora Radnik će obavljati i druge poslove prema nalogu
A23: Poslodavca, a koje su u skladu s naravi i vrsti posla za koje je zasnovan radni odnos.
A24: 6. Radnik počinje s radom | D24: =OFFSET(RADNICI!K2,$A$1,0) -> 45391
A26: Članak 2.
A27: Plaće i naknade
A29: 1. Za realizaciju preuzetih obveza iz točke I.2. Radniku pripada osnovna bruto plaća u iznosu od
A30: =OFFSET(RADNICI!AM2,$A$1,0) -> 1014 | B30: a razmjerno broju sati.
A31: 2. Poslodavac će isplaćivati plaću za predhodni mjesec, dodatak na plaću sukladno Zakonu o rad, te naknade
A32: plaće najkasnije do 15. u mjesecu za rad obavljen u predhodnom mjesecu.
A33: 3. Uz plaću navedenu u točki II.1. ovog ugovora Radniku pripada i stimulativni dio plaće prema odluci poslodavca.
A34: 4. Radnik ima pravo na povećanje plaće za
B35: - otežane uvjete rada | H35: 0.1
B36: - rad u dane blagdana i neradne dane utvrđene zakonom | H36: 0.5
B37: - rad nedjeljom | H37: 0.3
B38: - noćni rad | H38: 0.3
B39: - prekovremeni rad | H39: 0.5
B40: - za rad u drugoj smjeni u slučaju stalnog smjenskog rada / %
A42: Članak 3.
A43: Troškovi i naknade
A45: Radnik ima pravo naknade troškova za prijevoz na posao u iznosu radničke mjesečne karte za mjesec.
A46: Radnik ima pravo na naknade troškova za službena putovanja u zemlji i inozemstvu, u visini propisanoj
A47: zakonom.
A48: Članak 4.
A49: Radno vrijeme i godišnji odmor
A51: 1. Radnik će raditi | C51: =OFFSET(RADNICI!Z2,$A$1,0) -> puno | D51: radno vrijeme od | E51: =OFFSET(RADNICI!AA2,$A$1,0) -> 40 | F51: sati tjedno.
A52: 2. Radno vrijeme određuje se jednokratno – dvokratno , prema rasporedu radnog vremena,
A53: može trajati od 10:00 do 18:00
A54: 3. U tijeku rada radnik ima pravo koristiti dnevni odmor u trajanju od 30 minuta.
A55: 4. Tjedni odmor radnik će koristiti PREMA RASPOREDU RADNOG VREMENA.
A56: 5. Radnik ima pravo na godišnji odmor u trajanju od 4 tjedna.
A58: Članak 5.
A59: Čuvanje poslovne tajne
A61: 1. Radnik se obvezuje da će za vrijeme trajanja Ugovora o radu, a i njegovog prestanka čuvati sve poslovne
A62: tajne poslodavca i njegovih komitenata prema neovlaštenim osobama, koje su po svojoj prirodi povjerene i
A63: zaštićene, a koje su mu bile povjerene ili koje je mogao saznati na poslu.
A65: Članak 6.
A66: Otkaz ugovora o radu
... A82: 1. Za slučaj spora stranke ugovaraju mjesnu nadležnost stvarno nadležnog suda u Puli.
A83: 2. Ovaj ugovor stupa na snagu | D83: =D24 -> 45391
A84: 3. Ovaj je ugovor sklopljen u 3 istovjetna primjerka od kojih Poslodavac zadržava 2 primjerka a radnik
A85: 1 primjerak.
A87: U Puli, dana 9.4.2024.
A90: Za poslodavca | G90: Radnik
A92: M.P.
A93: ____________________ | F93: ___________________

Sheet aneks
A1: ='EVIDENCIJA NOVA'!G1 -> 808
A2: =OFFSET(RADNICI!E2,A1,0) -> D-INVOICE D.O.O.
A3: =OFFSET(RADNICI!F2,$A$1,0) -> 95114485977
A5: Temeljem čl. 11, a u svezi čl. 14 i 15. Zakona o radu (nn 93/14)
A6: dana | B6: 45673 | C6: sklapa se:
A8: ANEKS UGOVORA O RADU
A10: između poslodavca | C10: =OFFSET(RADNICI!E2,A1,0) -> D-INVOICE D.O.O. | D10: OIB: | E10: =OFFSET(RADNICI!F2,$A$1,0) -> 95114485977
A11: i
A12: radnika/ce | B12: =OFFSET(RADNICI!J2,$A$1,0) -> VLADIMIR DEDUŠ | D12: OIB: | E12: =OFFSET(RADNICI!M2,$A$1,0) -> 31157145393
A14: Članak 1.
A16: Mijenja se članak 1. točka 2. Ugovora o radu 01.10.2023 te po novom glasi:
A18: Ovim Ugovorom radnik zasniva radni odnos na određeno vrijeme do 31.12.2024. za
A19: obavljanje poslova pomoćni slastičar.
A25: Odredbe ovog aneksa stupaju na snagu od | D25: 45615
A28: U Suzi,
A29: =D25 -> 45615
A31: Za poslodavca | E31: Radnik
A32: =OFFSET(RADNICI!E2,A1,0) -> D-INVOICE D.O.O. | E32: =OFFSET(RADNICI!J2,$A$1,0) -> VLADIMIR DEDUŠ

Sheet aneks (2)
A1: 791
A2: =OFFSET(RADNICI!E2,A1,0) -> DOMOKOS D.O.O.
A3: =OFFSET(RADNICI!F2,$A$1,0) -> 7942284015
A5: Temeljem čl. 11, a u svezi čl. 14 i 15. Zakona o radu (NN 93/14)
A6: dana | B6: 46023 | C6: sklapa se:
A8: ANEKS UGOVORA O RADU
A10: između poslodavca: | C10: =OFFSET(RADNICI!E2,A1,0) -> DOMOKOS D.O.O. | D10: OIB | E10: =OFFSET(RADNICI!F2,$A$1,0) -> 7942284015
A11: i
A12: Radnika/ce | B12: =OFFSET(RADNICI!J2,$A$1,0) -> ĐURĐINA JOVČIĆ | D12: OIB | E12: =OFFSET(RADNICI!M2,$A$1,0) -> 40862874723
A14: Članak 1.
A16: Mijenja se točka 1. članak 2. Ugovora o radu od 01.01.2026 | E16: te po novom glasi:
A18: Za obavljanje poslova iz čl. 1. ovog Ugovora, u nepunom radnom vremenu od 1h dnevno odnosno 5h tjedno, poslodavac će
A19: radniku isplačivati:
A20: - | B20: osnovnu bruto plaću u iznosu | D20: 200
A22: Mijenja se i točka 1. članak 4. Ugovora o radu od 01.05.2025 te | E22: po novom glasi:
A24: Radnik će raditi nepuno radno vrijeme od 1 sat dnevno, odnosno 5 sati tjedno.
A26: Odredbe ovog aneksa stupaju na snagu od | D26: =B6 -> 46023
A31: U Osijeku
A32: =D26 -> 46023
A35: Za poslodavca | E35: Radnik
A36: =OFFSET(RADNICI!E2,A1,0) -> DOMOKOS D.O.O. | E36: =OFFSET(RADNICI!J2,$A$1,0) -> ĐURĐINA JOVČIĆ
A37: -------------------------------------- -------------------------------------

Sheet otkaz
A1: 757
A2: Temeljem članka 114-115. Zakona o radu (Narodne novine br. 93/14), | F2: =(OFFSET(RADNICI!E2,A1,0)) -> Baranjske slastice Horvat j.d.o.o.
A3: iz | B3: =(OFFSET(RADNICI!I2,A1,0)) -> Petefi Šandora 31 | D3: OIB: | E3: =OFFSET(RADNICI!F2,A1,0) -> 81938384478 | F3: dalje u tekstu „poslodavac“,
A4: i
A5: =OFFSET(RADNICI!J2,A1,0) -> NATALIJA HORAK | C5: OIB: | D5: =OFFSET(RADNICI!M2,$A$1,0) -> ´06745396921 | E5: dalje u tekstu „radnik“ zaključuju ovaj:
A7: Redovan Otkaz Ugovora o radu
A9: Ugovor o radu na | C9: =OFFSET(RADNICI!X2,A1,0) -> neodređeno | E9: vrijeme zaključen između stranaka
A10: =OFFSET(RADNICI!K2,A1,0) -> 45610 | B10: prestaje vrijediti s danom | D10: 45688 | E10: Godine.
A13: Do dana prestanka ugovora o radu radnik ima pravo na plaću u visini određenog Ugovorom o radu.
A14: Ugovorne strane suglasno utvrđuju da jedna prema drugoj nemaju nikakvih drugih potraživanja koja bi
A15: proizlazila iz radnog odnosa zasnovanog Ugovorom o radu.
A16: Radnik ima pravo na ____ dana otkaznog roka koji počinju teći datumom uručenja _____________ godine.
A17: Ova odluka o otkazu ugovora o radu sastavljena je u dva istovjetna primjerka od kojih svaka ugovorna strana
A18: zadržava po jedan primjerak.
A20: Dostaviti:
A21: 1. Radniku
A22: 2. Računovodstvo
A24: Poslodavac | D24: Radnik

Sheet ccorona
A1: ='EVIDENCIJA NOVA'!G1 -> 808
A2: Na temeljem članka 112 i 115. Zakona o radu (Narodne novine br. 93/14, 127/17, 98/19)
A3: =OFFSET(RADNICI!E2,A1,0) -> D-INVOICE D.O.O. | C3: iz | D3: =OFFSET(RADNICI!I2,A1,0) -> SV.IVANA KRSTITELJA 15, DARDA
A4: OIB: | B4: =OFFSET(RADNICI!F2,A1,0) -> 95114485977 | D4: zastupano po direktoru Zoranu Horvatu, dalje u tekstu „poslodavac“,
A5: dana: | B5: 45852 | C5: donosi slijedeću
A7: ODLUKU O OTKAZU UGOVORA O RADU
A9: 1. | B9: Radniku | C9: =OFFSET(RADNICI!J2,$A$1,0) -> VLADIMIR DEDUŠ | E9: , OIB: | F9: =OFFSET(RADNICI!M2,$A$1,0) -> 31157145393
B10: ( u daljnem tekstu Radnik), zaposlen na poslovima radnog mjesta
B11: =OFFSET(RADNICI!R2,$A$1,0) -> Moslavačka 7 a | D11: , otkazuje se Ugovor o radu na | F11: =OFFSET(RADNICI!X2,A1,0) -> Određeno | G11: vrijeme
B12: sklopljen dana | C12: =OFFSET(RADNICI!K2,A1,0) -> 46181 | D12: zbog nezadovoljavanja na radnomna probnom radu
A13: 2. | B13: Ugovor o radu naveden u točki 1. ove Odluke prestaje istekom otkaznog roka sukladno
B14: čl. 121. i 122. zakona o radu dana | D14: =OFFSET(RADNICI!L2,A1,0) -> 46210
A15: 3. | B15: Radnik je iskoristio pravo na godišnji odmor u cijelosti.
D17: Obrazloženje
B20: Radnik je u radnom odnosu temeljem važećeg Ugovora o radu na | F20: =OFFSET(RADNICI!X2,A1,0) -> Određeno
B21: vrijeme kod Poslodavca od dana | D21: =OFFSET(RADNICI!K2,A1,0) -> 46181 | E21: sukladno kojem je obavljao poslove
B22: =OFFSET(RADNICI!V2,$A$1,0) -> maser | D22: opisane u čl. 3. navedenog ugovora.
B23: Ugovor se može redovito otkazati.
B25: Kod Poslodavca je došlo do bitnog smanjenja opsega poslova, što se izravno odrazilo i na potrebu za obavljanjem poslova koje radnik obavljao, slijedom čega je prestala potreba za obavljanjem poslova radnog mjesta koje Radnik obavlja.
B30: Ne postoji mogućnost zapošljavanja Radnika na nekim drugim poslovima, niti postoji mogućnost osposobljavanja ili obrazovanja Radnika za rad na drugim radnim mjestima.
B33: Pri odlučivanju o otkazu Poslodavac je imao u vidu trajanje radnog odnosa, životnu dob i obveze uzdržavanja koje terete Radnika, te svim drugim obvezama propisanim čl. 115. Zakona o radu.
B36: S obzirom na neprekidan rad kod Poslodavca, otkazni rok iznosi | F36: 0 dana
B37: (sukladno članku 122. stavka 1. točka 1. Zakona o radu).
B39: Radnik je iskoristio godišnji odmor za 2025.g. u cijelosti.
B42: Za poslodavca:
B44: =OFFSET(RADNICI!E2,A1,0) -> D-INVOICE D.O.O.
B46: Potvrđujem da sam Odluku primio dana: | E46: =D14 -> 46210
B50: Radnik : | C50: =OFFSET(RADNICI!J2,$A$1,0) -> VLADIMIR DEDUŠ

Sheet izj-odjava
A1: 573
A2: =OFFSET(RADNICI!E2,A1,0) -> Naturos d.o.o.
A3: =OFFSET(RADNICI!F2,$A$1,0) -> 69606074367
A5: IZJAVA O PREUZIMANJU PODATAKA
A7: Kojom ja | B7: =OFFSET(RADNICI!J2,$A$1,0) -> Adhikari Rishi Raj | D7: ,OIB: | E7: =OFFSET(RADNICI!M2,$A$1,0) -> 68722467694 | F7: ,izjavljujem da sam
A8: od poslodavca po izvršenoj odjavi preuzeo slijedeću dokumentaciju:
A10: - Tiskanicu M2P primjerak odjave miroviskog osiguranja
A12: - Tiskanicu 1 primjerak odjave zdravstvenog osiguranja
A14: - Potvrdu o vrsti posla
A17: U Osijeku
A18: =OFFSET(RADNICI!L2,A1,0) -> 45076
A30: Za poslodavca | E30: Radnik
E31: =OFFSET(RADNICI!J2,$A$1,0) -> Adhikari Rishi Raj

Sheet r1-osob
A1: 523
A2: Temeljem članka 114-115. Zakona o radu (Narodne novine br. 93/14), | F2: =(OFFSET(RADNICI!E2,A1,0)) -> D-INVOICE D.O.O.
A3: iz | B3: =(OFFSET(RADNICI!I2,A1,0)) -> SV.IVANA KRSTITELJA 15, DARDA | D3: OIB: | E3: =OFFSET(RADNICI!F2,A1,0) -> 95114485977 | G3: dalje u tekstu „poslodavac“, i
A4: =OFFSET(RADNICI!J2,A1,0) -> TIMEA BEJTEŠ | C4: , OIB: | D4: =OFFSET(RADNICI!M2,$A$1,0) -> 86252978963 | E4: , dalje u tekstu „radnik“ zaključuju ovaj:
A6: Odluka o osobno uvjetovanom otkazu Ugovora o radu
A8: Ugovor o radu na | C8: =OFFSET(RADNICI!X2,A1,0) -> NEODREĐENO | E8: vrijeme zaključen između stranaka
A9: =OFFSET(RADNICI!K2,A1,0) -> 44881 | B9: prestaje vrijediti s danom | D9: =OFFSET(RADNICI!L2,A1,0) -> 45828 | E9: . godine, | F9: NA OSOBNI ZAHTJEV RADNIKA
A11: Do dana prestanka ugovora o radu radnik ima pravo na plaću u visini određenog Ugovorom o radu.
A12: Ugovorne strane suglasno utvrđuju da jedna prema drugoj nemaju nikakvih drugih potraživanja
A13: koja bi proizlazila iz radnog odnosa zasnovanog Ugovorom o radu.
A14: Ugovorne strane suglasno utvrđuju da je radnik stekao pravo na srazmjerni dio godišnjeg odmora
A15: odmora za 2025 g u trajanju od | D15: 5 | E15: dana, koje će djelatnik iskoristiti u periodu od
A16: 16.06.2025 do 20.06.2025
A17: Ovaj Sporazum sastavljen je u dva istovjetna primjerka od kojih svaka ugovorna strana zadržava
A18: po jedan primjerak.
A20: Obrazloženje:
A21: Djelatnik otkazuje ugovor o radu iz osobnih razloga
A23: Dostaviti:
A24: 1. Radniku
A25: 2. Računovodstvo
A26: 3. Arhiva
A30: Radnik: | F30: Poslodavac:

Sheet r1-sporaz
A1: 354
A2: Temeljem članka 112. st. 1 toč. 5, i članka 114. Zakona o radu („Narodne novine“ br. 93/14 ),
A3: =(OFFSET(RADNICI!E2,A1,0)) -> D-INVOICE D.O.O. | D3: OIB: | E3: =OFFSET(RADNICI!F2,A1,0) -> 95114485977 | G3: dalje u tekstu „poslodavac“,
A4: i
A5: =OFFSET(RADNICI!J2,A1,0) -> Gabrijela Denković | C5: , OIB: | D5: =OFFSET(RADNICI!M2,$A$1,0) -> 65592272975 | E5: dalje u tekstu „radnik“ zaključuju ovaj:
A7: Sporazumni raskid Ugovora o radu
A9: Članak 1
A10: Ugovor o radu na | C10: =OFFSET(RADNICI!X2,A1,0) -> NEODREĐENO | E10: vrijeme zaključen između stranaka dana
A11: =OFFSET(RADNICI!K2,A1,0) -> 44061 | B11: prestaje vrijediti s danom | E11: =OFFSET(RADNICI!L2,A1,0) -> 46234 | F11: . godine.
L12: Ugovorne strane suglasno utvrđuju da jedna prema drugoj nemaju nikakvih drugih potraživanja
A13: Članak 2 | L13: koja bi proizlazila iz radnog odnosa zasnovanog Ugovorom o radu.
A14: Ugovorne strane suglasno utvrđuju da je radnik stekao pravo na srazmjerni dio godišnjeg odmora
A15: odmora za 2025 g u trajanju od | D15: 12 | E15: dana, koje će djelatnik koristiti od 15.07.2026
A16: Ugovorne strane suglasno utvrđuju da je radnik stekao pravo na srazmjerni dio otpremnine
A17: u visini 1/3 prosječne bruto plaće za svaku navršenu godinu rada a to je iznos od bruto 3.493,12 eur
A18: Članak 3
A19: Ugovorne strane suglasno utvrđuju da jedna prema drugoj nemaju nikakvih drugih potraživanja | L19: Ugovorne strane suglasno utvrđuju da je radnik stekao pravo na srazmjerni dio godišnjeg odmora
A20: koja bi proizlazila iz radnog odnosa zasnovanog Ugovorom o radu. | L20: odmora za 2021 g u trajanju od | O20: 3 | P20: dana, koje će joj biti isplaćene u cijelosti.
A22: Članak 4
A23: Sve eventualne sporove proizašle iz ovog Sporazuma, poslodavac i radnik nastojat će riješiti mirnim
A24: putem, u suprotnom nadležan je sud u Osijeku
A26: Članak 5
A27: Ovaj Sporazum sastavljen je u dva istovjetna primjerka od kojih svaka ugovorna strana zadržava
A28: po jedan primjerak.
A30: U Osijekui,
A31: Dana | B31: =OFFSET(RADNICI!L2,A1,0) -> 46234
A34: Poslodavac | E34: Radnik
A35: =(OFFSET(RADNICI!E2,A1,0)) -> D-INVOICE D.O.O. | E35: =OFFSET(RADNICI!J2,A1,0) -> Gabrijela Denković

Sheet r1-posl
A1: ='EVIDENCIJA NOVA'!G1 -> 808
A2: Temeljem članka 114-115. Zakona o radu (Narodne novine br. 93/14),
A3: =(OFFSET(RADNICI!E2,A1,0)) -> D-INVOICE D.O.O. | C3: iz | D3: =(OFFSET(RADNICI!I2,A1,0)) -> SV.IVANA KRSTITELJA 15, DARDA
A4: OIB: | B4: =(OFFSET(RADNICI!F2,A1,0)) -> 95114485977 | C4: , dalje u tekstu „poslodavac“, i
A5: =OFFSET(RADNICI!J2,A1,0) -> VLADIMIR DEDUŠ | C5: , OIB: | D5: =(OFFSET(RADNICI!M2,A1,0)) -> 31157145393
A6: dalje u tekstu „radnik“ zaključuju ovaj:
A8: Poslovno uvjetovani otkaz Ugovora o radu
A10: Ugovor o radu na | C10: =OFFSET(RADNICI!X2,A1,0) -> Određeno | E10: vrijeme zaključen između stranaka
A11: =OFFSET(RADNICI!K2,A1,0) -> 46181 | B11: prestaje vrijediti s danom | D11: =OFFSET(RADNICI!L2,A1,0) -> 46210 | E11: . godine, otkaz uslijed
A12: smanjenog obujma posla.
A14: Do dana prestanka ugovora o radu radnik ima pravo na plaću u visini određenog Ugovorom o radu.
A15: Ugovorne strane suglasno utvrđuju da jedna prema drugoj nemaju nikakvih drugih potraživanja koja bi
A16: proizlazila iz radnog odnosa zasnovanog Ugovorom o radu.
A17: Radnik se obezuje na odrađivanje 2 tjedna otkaznog roka od dana 18.08.2025, a u periodu će iskoristiti i godišnji
A18: Ovaj poslovno uvjetovani otkaz sastavljen je u dva istovjetna primjerka od kojih svaka ugovorna strana
A19: zadržava po jedan primjerak.
A21: Obrazloženje:
A22: Poslovno uvjetovani otkaz radi smanjenja opsega posla
A24: Dostaviti:
A25: 1. Radniku
A26: 2. Računovodstvo
... A28: Poslodavac

Sheet potvrda
A1: 523
A2: =OFFSET(RADNICI!E2,A1,0) -> D-INVOICE D.O.O.
A3: =OFFSET(RADNICI!F2,$A$1,0) -> 95114485977
A5: Temeljem čl. 124 st 2. Zakona o radu (NN br:149/09, 61/11, 82/12, 73/13 i 93/14)
A6: Poslodavac izdaje slijedeću
A8: POTVRDU
A10: o vrsti poslova koje je radnik obavljao u trajanju radnog odnosa
A12: 1. Radnik/ca | B12: =OFFSET(RADNICI!J2,$A$1,0) -> TIMEA BEJTEŠ | D12: OIB | E12: =OFFSET(RADNICI!M2,$A$1,0) -> 86252978963 | F12: je bio/la u radnom
A13: odnosu kod poslodavca u vremenu od | D13: =OFFSET(RADNICI!K2,$A$1,0) -> 44881 | E13: do | F13: =OFFSET(RADNICI!L2,$A$1,0) -> 45828
A15: 2. Za vrijeme rada kod Poslodavca Radnik/ca je obavljo/la poslove:
A17: - | B17: =OFFSET(RADNICI!W2,$A$1,0) -> KNJIGOVOĐA
A18: - | B18: ostali poslovi po nalogu poslodavca
A19: - | B19: Djelatnik je obavljao poslove završnog računa za obrtnike i poduzeća
A26: U Osijeku, | B26: =TODAY() -> 46202
A30: Za poslodavca: | E30: Radnik:
A31: =OFFSET(RADNICI!E2,A1,0) -> D-INVOICE D.O.O.

Sheet r1-posl (2)
A1: ='EVIDENCIJA NOVA'!G1 -> 808
A2: Temeljem članka 114-115. Zakona o radu (Narodne novine br. 93/14), | G2: =(OFFSET(RADNICI!E2,A1,0)) -> D-INVOICE D.O.O.
A3: iz | B3: =(OFFSET(RADNICI!I2,A1,0)) -> SV.IVANA KRSTITELJA 15, DARDA | D3: OIB: | E3: =OFFSET(RADNICI!F2,A1,0) -> 95114485977 | G3: dalje u tekstu „poslodavac“,
A4: i
A5: =OFFSET(RADNICI!J2,A1,0) -> VLADIMIR DEDUŠ | C5: OIB: | D5: =OFFSET(RADNICI!M2,$A$1,0) -> 31157145393 | E5: dalje u tekstu „radnik“ zaključuju ovaj:
A7: Redovan otkaz Ugovora o radu
A9: Ugovor o radu na | C9: =OFFSET(RADNICI!X2,A1,0) -> Određeno | E9: vrijeme zaključen između stranaka
A10: =OFFSET(RADNICI!K2,A1,0) -> 46181 | B10: prestaje vrijediti s danom | D10: =OFFSET(RADNICI!L2,A1,0) -> 46210 | E10: . godine,
A11: Otkaz uvjetovan nezadovoljavanjem uvjeta na probnom radu
A13: Do dana prestanka ugovora o radu radnik ima pravo na plaću u visini određenog Ugovorom o radu.
A14: Ugovorne strane suglasno utvrđuju da jedna prema drugoj nemaju nikakvih drugih potraživanja koja bi
A15: proizlazila iz radnog odnosa zasnovanog Ugovorom o radu.
A16: Ovaj poslovno uvjetovani otkaz sastavljen je u dva istovjetna primjerka od kojih svaka ugovorna strana
A17: zadržava po jedan primjerak.
A20: Obrazloženje:
A21: Otkaz uvjetovan nezadovoljavanjem uvjeta na probnom radu
A23: Dostaviti:
A24: 1. Radniku
A25: 2. Računovodstvu
A26: 3. ______________
A27: Poslodavac

Sheet R1-ODLO
A1: ='EVIDENCIJA NOVA'!G1 -> 808
A3: =OFFSET(RADNICI!E2,A1,0) -> D-INVOICE D.O.O. | C3: =OFFSET(RADNICI!I2,$A$1,0) -> SV.IVANA KRSTITELJA 15, DARDA | G3: OIB: | H3: =OFFSET(RADNICI!F2,$A$1,0) -> 95114485977 | J3: zastupano po
A4: direktoru: | B4: =OFFSET(RADNICI!G2,A1,0) -> LAURA GERGELJ
E7: donosi
B10: ISTEKA OTKAZA UGOVORA O RADU
B11: radnica | C11: =OFFSET(RADNICI!J2,$A$1,0) -> VLADIMIR DEDUŠ | E11: iz | F11: =OFFSET(RADNICI!R2,A1,0) -> Moslavačka 7 a | I11: OIB: | J11: =OFFSET(RADNICI!M2,$A$1,0) -> 31157145393
E14: Obrazloženje
A16: Radnica | B16: =OFFSET(RADNICI!J2,$A$1,0) -> VLADIMIR DEDUŠ | D16: iz | E16: =OFFSET(RADNICI!R2,A1,0) -> Moslavačka 7 a | H16: ističe ugovor o radu | J16: =OFFSET(RADNICI!L2,A1,0) -> 46210
A18: * Poslodavac je suglasan da radnica ne mora odraditi otkazni rok.
A19: * Radnica nije stakla pravo na otpremninu.
A20: * Radnica je stekla pravo na razmjerni dio godišnjeg odmora za 2019. godinu u trajanju od | K20: =OFFSET(RADNICI!AS2,A1,0) -> 0
A21: dana. Poslodavac se obveuje isplatiti radnici naknadu za neiskorišteni godišnji odmor.
A22: Radni odnos radnice kod ovog poslodavca prestaje zaključno sa | I22: =OFFSET(RADNICI!L2,A1,0) -> 46210 | K22: godine.
J26: Za poslodavca:
K27: Direktor:
J28: =OFFSET(RADNICI!G2,A1,0) -> LAURA GERGELJ
A30: U Osijeku, | B30: =OFFSET(RADNICI!L2,A1,0) -> 46210
A36: Dostaviti:
A37: 1. | B37: =OFFSET(RADNICI!J2,A1,0) -> VLADIMIR DEDUŠ | D37: osobno preuzela dana 28.10.2019
B39: _______________________
A40: 2. | B40: Knjigovodstvo
A41: 3. | B41: Arhiva

Sheet ODL 
A1: 733
A2: Temeljem članka 114-115. Zakona o radu (Narodne novine br. 93/14), | F2: =(OFFSET(RADNICI!E2,A1,0)) -> D-INVOICE D.O.O.
A3: iz | B3: =(OFFSET(RADNICI!I2,A1,0)) -> SV.IVANA KRSTITELJA 15, DARDA | D3: OIB: | E3: =OFFSET(RADNICI!F2,A1,0) -> 95114485977 | F3: dalje u tekstu „poslodavac“,
A4: i
A5: =OFFSET(RADNICI!J2,A1,0) -> Marijana Kunac | C5: , OIB: | D5: =OFFSET(RADNICI!M2,$A$1,0) -> 59328824956 | E5: dalje u tekstu „radnik“ zaključuju ovu:
A7: ODLUKU O PRESTANKU RADNOG ODNOSA
A9: Ugovor o radu na | C9: =OFFSET(RADNICI!X2,A1,0) -> NEODREĐENO | E9: vrijeme zaključen između stranaka
A10: =OFFSET(RADNICI!K2,A1,0) -> 45474 | B10: prestaje vrijediti s danom | D10: =OFFSET(RADNICI!L2,A1,0) -> 45657 | E10: . godine,
A13: Do dana prestanka ugovora o radu radnik ima pravo na plaću u visini određenog Ugovorom o radu.
A14: Ugovorne strane suglasno utvrđuju da jedna prema drugoj nemaju nikakvih drugih potraživanja koja bi
A15: proizlazila iz radnog odnosa zasnovanog Ugovorom o radu.
A16: Radnik se obezuje na odrađivanje 2 tjedna otkaznog roka od dana otkazivanja ugovora.
A17: Ova odluka je sastavljen je u dva istovjetna primjerka od kojih svaka ugovorna strana
A18: zadržava po jedan primjerak.
C19: 1
A20: Obrazloženje: | C20: 1
A21: Zbog nezadovoljavanja na probnom radu.
A23: Dostaviti:
A24: 1. Radniku
A25: 2. Računovodstvo
A27: Poslodavac

Sheet Sheet1
A1: ='EVIDENCIJA NOVA'!G1 -> 808
A2: =OFFSET(RADNICI!E2,A1,0) -> D-INVOICE D.O.O.
A3: =OFFSET(RADNICI!F2,$A$1,0) -> 95114485977
A5: IZJAVA O ODRICANJU OD OTKAZNOG ROKA
A7: Kojom ja | B7: =OFFSET(RADNICI!J2,$A$1,0) -> VLADIMIR DEDUŠ | D7: OIB | E7: =OFFSET(RADNICI!M2,$A$1,0) -> 31157145393 | F7: izjavljujem da sam
A8: od poslodavca primio odluku o poslovno uvjetovanom otkazu ugovora o radu, sklopljenog
A9: =OFFSET(RADNICI!L2,A1,0) -> 46210 | B9: Ovime izjavljujem da se u cijelosti odričem otkaznog roka koji mi pripada
A10: u skladu s čl. 122. | B10: Zakona o radu (Nar. Nov., br. 93/14., 127/17. i 98/19.) te sam suglasan
A11: da me poslodavac odjavi s mirovinskog i zdravstvenog osiguranja s danom
A14: U Osijeku
A15: =OFFSET(RADNICI!L2,A1,0) -> 46210
A19: Za poslodavca | E19: Radnik
E20: =OFFSET(RADNICI!J2,$A$1,0) -> VLADIMIR DEDUŠ
A21: -------------------------------------- -------------------------------------

Sheet ODR OTPREMNINE
A1: 302
A2: =OFFSET(RADNICI!E2,A1,0) -> Špajz j.d.o.o.
A3: =OFFSET(RADNICI!F2,$A$1,0) -> 15795338441
A5: IZJAVA O ODRICANJU OD OTPREMNINE
A7: Kojom ja | B7: =OFFSET(RADNICI!J2,$A$1,0) -> Martina Završki | D7: OIB | E7: =OFFSET(RADNICI!M2,$A$1,0) -> 47650763216 | F7: izjavljujem da sam
A8: od poslodavca primio odluku o poslovno uvjetovanom otkazu ugovora o radu, sklopljenog
A9: =OFFSET(RADNICI!L2,A1,0) -> 43861 | B9: U skladu s čl. 122. Zakona o radu, otkazni rok iznosi mjesec dana.
A10: Ovime izjavljujem da | B10: se u cijelosti odričem otpremnine koja mi pripada u skladu s čl. 126.
A11: Zakona o radu (Nar. Nov., br. 93/14., 127/17. i 98/19.).
A14: U Osijeku
A15: =OFFSET(RADNICI!L2,A1,0) -> 43861
A19: Za poslodavca | E19: Radnik
E20: =OFFSET(RADNICI!J2,$A$1,0) -> Martina Završki
A21: -------------------------------------- -------------------------------------

Sheet odl.god
A1: ='EVIDENCIJA NOVA'!G1 -> 808
A3: =OFFSET(RADNICI!E2,A1,0) -> D-INVOICE D.O.O. | C3: =OFFSET(RADNICI!I2,$A$1,0) -> SV.IVANA KRSTITELJA 15, DARDA | G3: OIB: | H3: =OFFSET(RADNICI!F2,$A$1,0) -> 95114485977 | J3: zastupano po
A4: direktoru | B4: =OFFSET(RADNICI!G2,A1,0) -> LAURA GERGELJ | D4: (u daljem tekstu: Poslodavac) dana 03.12.2021.
E7: donosi
B10: ODLUKU O KORIŠTENJU GODIŠNJEG ODMORA
A13: 1. Radnik | B13: =OFFSET(RADNICI!J2,A1,0) -> VLADIMIR DEDUŠ | D13: iz | E13: =OFFSET(RADNICI!R2,A1,0) -> Moslavačka 7 a | I13: zaposlena na radnom
A14: mjestu | B14: =OFFSET(RADNICI!V2,$A$1,0) -> maser | E14: sukladno rasporedu korištenja godišnjih odmora za 2021.
A15: godinu, koristit će godišnji odmor u trajanju od | F15: 12 | G15: dana.
A17: 2. Godišnji odmor Radnik će koristiti u razdoblju od | G17: 16.12.2021. do 31.12.2021. | K17: godine.
A19: 3. Za vrijeme trajanja godišnjeg odmora Radnik ima pravo na naknadu plaće sukladno ZOR-u i
A20: Ugovoru o radu.
A24: Uputa o pravnom lijeku:
A25: Protiv ove odluke Radnica može poslodavcu uložiti zahtjev za zaštitu prava u roku od 15 dana od
A26: njenog primitka.
I28: Direktor:
I29: =OFFSET(RADNICI!G2,A1,0) -> LAURA GERGELJ
E31: M.P.
A35: Dostaviti:
A36: 1. | B36: =OFFSET(RADNICI!J2,A1,0) -> VLADIMIR DEDUŠ | D36: osobno preuzeo dana 16.12.2021.
B38: _______________________
A39: 2. | B39: Knjigovodstvo
A40: 3. | B40: Arhiva

Sheet list evr
A1: NAZIV PODUZEĆA | B1: Vital Group d.o.o.
A2: STATUS | B2: AKTIVAN
B4: Data
A5: IME RADNIKA | B5: Sum of RADI OD | C5: Sum of RADI DO | D5: Sum of BRUTO | E5: Sum of NETO | F5: Count of STATUS
A6: Bogdanka Dabčević | B6: 44200 | D6: 4250 | E6: 3400 | F6: 1
A7: Borka Bolšec | B7: 44216 | D7: 4250 | E7: 3400 | F7: 1
A8: Ildiko Dragaš | B8: 44197 | D8: 5875 | E8: 4700 | F8: 1
A9: Ivana Matić | B9: 44466 | D9: 4250 | E9: 3400 | F9: 1
A10: Jasmin Horvat | B10: 44256 | D10: 4375 | E10: 3500 | F10: 1
A11: Laszlo Šipoš | B11: 44200 | D11: 4375 | E11: 3500 | F11: 1
A12: Lidija Toša | B12: 44197 | D12: 5875 | E12: 4700 | F12: 1
A13: MARIJETA POLJAREVIĆ | B13: 44215 | D13: 4250 | E13: 3400 | F13: 1
A14: Matej Stanić | B14: 44200 | D14: 4375 | E14: 3500 | F14: 1
A15: Mihalj Kedveš | B15: 44200 | D15: 4375 | E15: 3500 | F15: 1
A16: Milica Stanić | B16: 44200 | D16: 4250 | E16: 3400 | F16: 1
A17: Mirela Šenhof | B17: 44200 | D17: 4250 | E17: 3400 | F17: 1
... A39: Grand Total | B39: 1462545 | D39: 144223.76 | E39: 115200 | F39: 33

Sheet evr_int line
A1: rb | B1: Vital Group d.o.o OIB:45575918003 | K1: Razdoblje: | P1: 44986 | T1: Ukupno sati u mjesecu | AC1: treba kopirati
P2: 45016 | T2: 184
B4: Radnik | E4: 5) vrijeme i sati zastoja krivnjom | F4: 6) ukupno dnevno radnovrijeme | G4: 7) vrijeme terenskog rada | H4: 8) vrijeme pripravnosti | I4: 9) vrijeme nenazočnosti na poslu | V4: rad noću | W4: redovan rad | X4: blagdan i neradni dan | Y4: prekovremeni rad | Z4: UKUPNO | AA4: DODATAK NA PLAĆU U NETU | AC4: Bruto
C5: RADI OD | D5: RADI DO | I5: dnevni odmor | J5: tjedni odmor | K5: godišnji odmor | L5: blagdan /neradni dan | M5: bolovanje | N5: dopust - rodiljni /roditeljski | O5: dr. roditeljska prava | P5: plaćeni dopust | Q5: neplaćeni dopust | R5: po zahtjevu radnika | S5: krivnjom radnika | T5: zbog štrajka | U5: zbog isključenja s rada | AD5: CIPELARINA
A6: rb | B6: 1 | C6: Column2 | D6: Column3 | E6: 4 | F6: 5 | G6: 6 | H6: 7 | I6: 8 | J6: 9 | K6: 10 | L6: 11 | M6: 12 | N6: 13 | O6: 14 | P6: 15 | Q6: 16 | R6: 17 | S6: 0 | T6: 19 | U6: 20 | V6: 21 | W6: 22 | X6: 23 | Y6: 24 | Z6: 25 | AA6: 26 | AB6: 262 | AC6: 27 | AD6: 29
B7: Kristina Tot Komendanović | C7: 44197 | F7: 160 | L7: 8 | W7: =SUM(F7:V7)-L7 -> 160 | X7: =L7 -> 8 | Z7: =W7+X7+Y7 -> 168 | AB7: 3400 | AC7: 4250
B8: Lidija Toša | C8: 44197 | F8: 160 | L8: 8 | W8: =SUM(F8:V8)-L8 -> 160 | X8: =L8 -> 8 | Z8: =W8+X8+Y8 -> 168 | AB8: 3400 | AC8: 4250
B9: Ildiko Dragaš | C9: 44197 | F9: 160 | L9: 8 | W9: =SUM(F9:V9)-L9 -> 160 | X9: =L9 -> 8 | Z9: =W9+X9+Y9 -> 168 | AB9: 3400 | AC9: 4250 | AD9: 275
B10: Bogdanka Dabčević | C10: 44200 | F10: 160 | L10: 8 | W10: =SUM(F10:V10)-L10 -> 160 | X10: =L10 -> 8 | Z10: =W10+X10+Y10 -> 168 | AB10: 3400 | AC10: 4250
B11: Smilja Devetak | C11: 44200 | F11: 160 | L11: 8 | W11: =SUM(F11:V11)-L11 -> 160 | X11: =L11 -> 8 | Z11: =W11+X11+Y11 -> 168 | AB11: 3500 | AC11: 4375
B12: Milica Stanić | C12: 44200 | F12: 160 | L12: 8 | W12: =SUM(F12:V12)-L12 -> 160 | X12: =L12 -> 8 | Z12: =W12+X12+Y12 -> 168 | AB12: 3400 | AC12: 4250
B13: Mirela Šenhof | C13: 44200 | F13: 160 | L13: 8 | W13: =SUM(F13:V13)-L13 -> 160 | X13: =L13 -> 8 | Z13: =W13+X13+Y13 -> 168 | AB13: 4700 | AC13: 5875 | AD13: 275
B14: Nataša Marković | C14: 44200 | F14: 160 | L14: 8 | W14: =SUM(F14:V14)-L14 -> 160 | X14: =L14 -> 8 | Z14: =W14+X14+Y14 -> 168 | AB14: 3400 | AC14: 4250
B15: Laszlo Šipoš | C15: 44200 | F15: 160 | L15: 8 | W15: =SUM(F15:V15)-L15 -> 160 | X15: =L15 -> 8 | Z15: =W15+X15+Y15 -> 168 | AB15: 3400 | AC15: 4250
B16: MIhalj Kedveš | C16: 44200 | F16: 160 | L16: 8 | W16: =SUM(F16:V16)-L16 -> 160 | X16: =L16 -> 8 | Z16: =W16+X16+Y16 -> 168 | AB16: 3400 | AC16: 4250
B17: Mirjana Maršić | C17: 44209 | F17: 160 | L17: 8 | W17: =SUM(F17:V17)-L17 -> 160 | X17: =L17 -> 8 | Z17: =W17+X17+Y17 -> 168 | AB17: 3400 | AC17: 4250
B18: Mirjana Nađ | C18: 44215 | F18: 160 | L18: 8 | W18: =SUM(F18:V18)-L18 -> 160 | X18: =L18 -> 8 | Z18: =W18+X18+Y18 -> 168 | AB18: 3500 | AC18: 4375
B19: Marijeta Poljarević | C19: 44215 | F19: 160 | L19: 8 | W19: =SUM(F19:V19)-L19 -> 160 | X19: =L19 -> 8 | Z19: =W19+X19+Y19 -> 168 | AB19: 3500 | AC19: 4375
B20: Borka Bolšec | C20: 44216 | F20: 160 | L20: 8 | W20: =SUM(F20:V20)-L20 -> 160 | X20: =L20 -> 8 | Z20: =W20+X20+Y20 -> 168 | AB20: 4000 | AC20: 5084.22
B21: Tatjana Bogdanović | C21: 44216 | F21: 160 | L21: 8 | W21: =SUM(F21:V21)-L21 -> 160 | X21: =L21 -> 8 | Z21: =W21+X21+Y21 -> 168 | AB21: 3500 | AC21: 4375
B22: Jasmin Horvat | C22: 44256 | F22: 160 | L22: 8 | W22: =SUM(F22:V22)-L22 -> 160 | X22: =L22 -> 8 | Z22: =W22+X22+Y22 -> 168 | AB22: 4700 | AC22: 5875
B23: Christina Barač | C23: 44312 | F23: 160 | L23: 8 | W23: =SUM(F23:V23)-L23 -> 160 | X23: =L23 -> 8 | Z23: =W23+X23+Y23 -> 168 | AB23: 3400 | AC23: 4250
B24: Snježana Oreč | C24: 44312 | F24: 160 | L24: 8 | W24: =SUM(F24:V24)-L24 -> 160 | X24: =L24 -> 8 | Z24: =W24+X24+Y24 -> 168 | AB24: 3500 | AC24: 4375
B25: Danijela Rogulja | C25: 44315 | F25: 160 | L25: 8 | W25: =SUM(F25:V25)-L25 -> 160 | X25: =L25 -> 8 | Z25: =W25+X25+Y25 -> 168 | AB25: 3500 | AC25: 4375
... B28: Ivan Matota | C28: 44593 | F28: 160 | L28: 8 | W28: =SUM(F28:V28)-L28 -> 160 | X28: =L28 -> 8 | Z28: =W28+X28+Y28 -> 168 | AB28: 3400 | AC28: 4250
B29: Irena Klobučar | C29: 44676 | F29: 8 | W29: =SUM(F29:V29)-L29 -> 8 | X29: =L29 -> 0 | Z29: =W29+X29+Y29 -> 8 | AB29: 3400 | AC29: 4250
B30: Ljiljana Peranić | C30: 44679 | F30: 160 | L30: 8 | W30: =SUM(F30:V30)-L30 -> 160 | X30: =L30 -> 8 | Z30: =W30+X30+Y30 -> 168 | AB30: 3400 | AC30: 4250
B31: Iva Huiber | C31: 44683 | F31: 160 | L31: 8 | W31: =SUM(F31:V31)-L31 -> 160 | X31: =L31 -> 8 | Z31: =W31+X31+Y31 -> 168 | AB31: 3500 | AC31: 4375 | AD31: 275
B32: Nada Jović | C32: 44684 | F32: 160 | L32: 8 | W32: =SUM(F32:V32)-L32 -> 160 | X32: =L32 -> 8 | Z32: =W32+X32+Y32 -> 168 | AB32: 3500 | AC32: 4375
B33: Martina Becker | C33: 44704 | F33: 160 | W33: =SUM(F33:V33)-L33 -> 160 | X33: =L33 -> 0 | Z33: =W33+X33+Y33 -> 160 | AB33: 3400 | AC33: 4250
B34: Andreja Orić | C34: 44718 | F34: 40 | W34: =SUM(F34:V34)-L34 -> 40 | X34: =L34 -> 0 | Z34: =W34+X34+Y34 -> 40 | AB34: 3500 | AC34: 4375
B35: Mirjana Pavlović | C35: 44781 | F35: 160 | L35: 8 | W35: =SUM(F35:V35)-L35 -> 160 | X35: =L35 -> 8 | Z35: =W35+X35+Y35 -> 168 | AB35: 3400 | AC35: 4250
B36: Amila Šiljević | C36: 44805 | F36: 160 | L36: 8 | W36: =SUM(F36:V36)-L36 -> 160 | X36: =L36 -> 8 | Z36: =W36+X36+Y36 -> 168 | AB36: 3400 | AC36: 4250
B37: Karmela Božičević | C37: 44795 | F37: 32 | W37: =SUM(F37:V37)-L37 -> 32 | X37: =L37 -> 0 | Z37: =W37+X37+Y37 -> 32
B38: Jelena Mesarek | C38: 44816 | F38: 16 | W38: =SUM(F38:V38)-L38 -> 16 | X38: =L38 -> 0 | Z38: =W38+X38+Y38 -> 16
B39: Marina Raguž | C39: 44818 | W39: =SUM(F39:V39)-L39 -> 0 | X39: =L39 -> 0 | Z39: =W39+X39+Y39 -> 0
B40: Tanja Mesarek | C40: 44837 | W40: =SUM(F40:V40)-L40 -> 0 | X40: =L40 -> 0 | Z40: =W40+X40+Y40 -> 0
B41: Snježana Selak | C41: 44837 | W41: =SUM(F41:V41)-L41 -> 0 | X41: =L41 -> 0 | Z41: =W41+X41+Y41 -> 0
B42: Miona Gačina | C42: 44837 | W42: =SUM(F42:V42)-L42 -> 0 | X42: =L42 -> 0 | Z42: =W42+X42+Y42 -> 0
B43: Laura Šimić | C43: 44860 | W43: =SUM(F43:V43)-L43 -> 0 | X43: =L43 -> 0 | Z43: =W43+X43+Y43 -> 0
B44: Andreja Tetkić | C44: 44875 | W44: =SUM(F44:V44)-L44 -> 0 | X44: =L44 -> 0 | Z44: =W44+X44+Y44 -> 0
B45: Nikola Filipović | C45: 44872 | W45: =SUM(F45:V45)-L45 -> 0 | X45: =L45 -> 0 | Z45: =W45+X45+Y45 -> 0
B46: Melita Kordić | C46: 44879 | W46: =SUM(F46:V46)-L46 -> 0 | X46: =L46 -> 0 | Z46: =W46+X46+Y46 -> 0
B47: Patricija Eškutić | C47: 44888 | W47: =SUM(F47:V47)-L47 -> 0 | X47: =L47 -> 0 | Z47: =W47+X47+Y47 -> 0
B48: Adin Mujaković | C48: 44930 | W48: =SUM(F48:V48)-L48 -> 0 | X48: =L48 -> 0 | Z48: =W48+X48+Y48 -> 0
B49: Mahir Ibrahimović | C49: 44930 | W49: =SUM(F49:V49)-L49 -> 0 | X49: =L49 -> 0 | Z49: =W49+X49+Y49 -> 0
B50: Senka Jarić | C50: 44900 | W50: =SUM(F50:V50)-L50 -> 0 | X50: =L50 -> 0 | Z50: =W50+X50+Y50 -> 0
... B54: Dženan Aljić | C54: 44984 | W54: =SUM(F54:V54)-L54 -> 0 | X54: =L54 -> 0 | Z54: =W54+X54+Y54 -> 0
B55: Dušan Jovanović | C55: 44972 | D55: 45025 | W55: =SUM(F55:V55)-L55 -> 0 | X55: =L55 -> 0 | Z55: =W55+X55+Y55 -> 0
B56: Borna Faj | C56: 44933 | D56: 45026 | W56: =SUM(F56:V56)-L56 -> 0 | X56: =L56 -> 0 | Z56: =W56+X56+Y56 -> 0
B57: MARIJANA KRAJČEK | C57: 44949 | W57: =SUM(F57:V57)-L57 -> 0 | X57: =L57 -> 0 | Z57: =W57+X57+Y57 -> 0
B58: Tomislav Nikić | C58: 44984 | D58: 45012 | W58: =SUM(F58:V58)-L58 -> 0 | X58: =L58 -> 0 | Z58: =W58+X58+Y58 -> 0
B59: Hrvoje Vidaković | C59: 44984 | W59: =SUM(F59:V59)-L59 -> 0 | X59: =L59 -> 0 | Z59: =W59+X59+Y59 -> 0
B60: Filip Cvenić | C60: 44984 | W60: =SUM(F60:V60)-L60 -> 0 | X60: =L60 -> 0 | Z60: =W60+X60+Y60 -> 0
B61: Petra Ivičić | C61: 44987 | W61: =SUM(F61:V61)-L61 -> 0 | X61: =L61 -> 0 | Z61: =W61+X61+Y61 -> 0
B62: Tiffany Paliž | C62: 44991 | W62: =SUM(F62:V62)-L62 -> 0 | X62: =L62 -> 0 | Z62: =W62+X62+Y62 -> 0
B63: Jurica Deže | C63: 44992 | W63: =SUM(F63:V63)-L63 -> 0 | X63: =L63 -> 0 | Z63: =W63+X63+Y63 -> 0
B64: Vlatka Baraći | C64: 45007 | W64: =SUM(F64:V64)-L64 -> 0 | X64: =L64 -> 0 | Z64: =W64+X64+Y64 -> 0
W65: =SUM(F65:V65)-L65 -> 0 | X65: =L65 -> 0 | Z65: =W65+X65+Y65 -> 0
W66: =SUM(F66:V66)-L66 -> 0 | X66: =L66 -> 0 | Z66: =W66+X66+Y66 -> 0
D67: ukupno: | F67: =SUM(F7:F66) -> 4576 | K67: =SUBTOTAL(109,K7:K66) -> 0 | L67: =SUBTOTAL(109,L7:L66) -> 216 | W67: =SUBTOTAL(109,W7:W21) -> 2400 | X67: =SUBTOTAL(109,X7:X21) -> 120 | Y67: =SUBTOTAL(109,Y7:Y21) -> 0 | Z67: =SUBTOTAL(109,Z7:Z21) -> 2520 | AA67: =SUBTOTAL(109,AA7:AA21) -> 0 | AC67: =SUM(AC7:AC66) -> 132709.22
AA68: kont

Sheet evr_WAX
A1: rb | B1: WAX D.O.O. OIB: 46869408875 | K1: Razdoblje: | P1: 43831 | T1: Ukupno sati u mjesecu | AC1: treba kopirati
P2: 43861 | T2: 184 | AE2: 152
B3: EVIDENCIJA O RADNOM VREMENU RADNIKA
B4: Radnik | E4: 5) vrijeme i sati zastoja krivnjom | F4: 6) ukupno dnevno radnovrijeme | G4: 7) vrijeme terenskog rada | H4: 8) vrijeme pripravnosti | I4: 9) vrijeme nenazočnosti na poslu | V4: rad noću | W4: redovan rad | X4: blagdan i neradni dan | Y4: prekovremeni rad | Z4: UKUPNO | AA4: DODATAK NA PLAĆU U NETU | AC4: Bruto | AD4: BRUTO
C5: RADI OD | D5: RADI DO | I5: dnevni odmor | J5: tjedni odmor | K5: godišnji odmor | L5: blagdan /neradni dan | M5: bolovanje | N5: dopust - rodiljni /roditeljski | O5: dr. roditeljska prava | P5: plaćeni dopust | Q5: neplaćeni dopust | R5: po zahtjevu radnika | S5: krivnjom radnika | T5: zbog štrajka | U5: zbog isključenja s rada | AE5: CIPELARINA
A6: rb | B6: 1 | C6: Column2 | D6: Column3 | E6: 4 | F6: 5 | G6: 6 | H6: 7 | I6: 8 | J6: 9 | K6: 10 | L6: 11 | M6: 12 | N6: 13 | O6: 14 | P6: 15 | Q6: 16 | R6: 17 | S6: 0 | T6: 19 | U6: 20 | V6: 21 | W6: 22 | X6: 23 | Y6: 24 | Z6: 25 | AA6: 26 | AB6: 262 | AC6: 27 | AD6: 28 | AE6: 29
A7: 81 | B7: Rudolf Gergelj | C7: 43101 | D7: (blank) | F7: =$T$2-Table266[[#This Row],[23]] -> 168 | L7: 16 | W7: =SUM(F7:V7)-L7 -> 168 | X7: =L7 -> 16 | Z7: =W7+X7+Y7 -> 184 | AB7: 3439.8 | AC7: 10097.59 | AD7: 6000
D12: ukupno: | F12: =SUBTOTAL(109,F7:F11) -> 168 | K12: =SUBTOTAL(109,K7:K11) -> 0 | L12: =SUBTOTAL(109,L7:L11) -> 16 | W12: =SUBTOTAL(109,W7:W11) -> 168 | X12: =SUBTOTAL(109,X7:X11) -> 16 | Y12: =SUBTOTAL(109,Y7:Y11) -> 0 | Z12: =SUBTOTAL(109,Z7:Z11) -> 184 | AA12: =SUBTOTAL(109,AA7:AA11) -> 0 | AC12: =SUBTOTAL(109,AC7:AC11) -> 10097.59 | AD12: =SUBTOTAL(109,AD7:AD11) -> 6000
AA13: kont

Sheet evr_HOME PLUS
A1: rb | B1: HOME PLUS D.O.O. OIB:18241574410 | K1: Razdoblje: | P1: 43831 | T1: Ukupno sati u mjesecu | AC1: treba kopirati
P2: 43861 | T2: 184
B3: EVIDENCIJA O RADNOM VREMENU RADNIKA
B4: Radnik | E4: 5) vrijeme i sati zastoja krivnjom | F4: 6) ukupno dnevno radnovrijeme | G4: 7) vrijeme terenskog rada | H4: 8) vrijeme pripravnosti | I4: 9) vrijeme nenazočnosti na poslu | V4: rad noću | W4: redovan rad | X4: blagdan i neradni dan | Y4: prekovremeni rad | Z4: UKUPNO | AA4: DODATAK NA PLAĆU U NETU | AC4: Bruto
C5: RADI OD | D5: RADI DO | I5: dnevni odmor | J5: tjedni odmor | K5: godišnji odmor | L5: blagdan /neradni dan | M5: bolovanje | N5: dopust - rodiljni /roditeljski | O5: dr. roditeljska prava | P5: plaćeni dopust | Q5: neplaćeni dopust | R5: po zahtjevu radnika | S5: krivnjom radnika | T5: zbog štrajka | U5: zbog isključenja s rada | AD5: CIPELARINA
A6: rb | B6: 1 | C6: Column2 | D6: Column3 | E6: 4 | F6: 5 | G6: 6 | H6: 7 | I6: 8 | J6: 9 | K6: 10 | L6: 11 | M6: 12 | N6: 13 | O6: 14 | P6: 15 | Q6: 16 | R6: 17 | S6: 0 | T6: 19 | U6: 20 | V6: 21 | W6: 22 | X6: 23 | Y6: 24 | Z6: 25 | AA6: 26 | AB6: 262 | AC6: 27 | AD6: 29
A7: 104 | B7: DARIA HAZENAUER | C7: 43346 | D7: (blank) | F7: 0 | L7: 0 | N7: =T2 -> 184 | W7: =SUM(F7:V7)-L7 -> 184 | X7: =L7 -> 0 | Z7: =W7+X7+Y7 -> 184 | AB7: 0 | AC7: 3750
D12: ukupno: | F12: =SUBTOTAL(109,F7:F11) -> 0 | K12: =SUBTOTAL(109,K7:K11) -> 0 | L12: =SUBTOTAL(109,L7:L11) -> 0 | W12: =SUBTOTAL(109,W7:W11) -> 184 | X12: =SUBTOTAL(109,X7:X11) -> 0 | Y12: =SUBTOTAL(109,Y7:Y11) -> 0 | Z12: =SUBTOTAL(109,Z7:Z11) -> 184 | AA12: =SUBTOTAL(109,AA7:AA11) -> 0 | AC12: =SUBTOTAL(109,AC7:AC11) -> 3750
AA13: kont

Sheet evr_agro pmd
A1: rb | B1: AGRO PMD D.O.O. OIB: 09677499852 | K1: Razdoblje: | P1: 01.02.2020 | T1: Ukupno sati u mjesecu | AB1: treba kopirati
P2: 29.02.2020 | T2: 160
B3: ,
B4: Radnik | E4: 5) vrijeme i sati zastoja krivnjom | F4: 6) ukupno dnevno radnovrijeme | G4: 7) vrijeme terenskog rada | H4: 8) vrijeme pripravnosti | I4: 9) vrijeme nenazočnosti na poslu | V4: rad noću | W4: redovan rad | X4: blagdan i neradni dan | Y4: prekovremeni rad | Z4: UKUPNO | AA4: DODATAK NA PLAĆU | AB4: Bruto | AC4: BRUTO
C5: RADI OD | D5: RADI DO | I5: dnevni odmor | J5: tjedni odmor | K5: godišnji odmor | L5: blagdan /neradni dan | M5: bolovanje | N5: dopust - rodiljni /roditeljski | O5: dr. roditeljska prava | P5: plaćeni dopust | Q5: neplaćeni dopust | R5: po zahtjevu radnika | S5: krivnjom radnika | T5: zbog štrajka | U5: zbog isključenja s rada
A6: rb | B6: 1 | C6: Column2 | D6: Column3 | E6: 4 | F6: 5 | G6: 6 | H6: 7 | I6: 8 | J6: 9 | K6: 10 | L6: 11 | M6: 12 | N6: 13 | O6: 14 | P6: 15 | Q6: 16 | R6: 17 | S6: 0 | T6: 19 | U6: 20 | V6: 21 | W6: 22 | X6: 23 | Y6: 24 | Z6: 25 | AA6: 26 | AB6: 27 | AC6: 28
A7: 3 | B7: IVICA IVANOVIĆ | C7: 42762 | D7: (blank) | W7: 160 | Z7: =W7+X7+Y7 -> 160 | AB7: 5089.67 | AC7: =AB7/$T$2*Z7 -> 5089.67
A8: 7 | B8: NENAD BANIČEK | C8: 42948 | D8: (blank) | W8: 160 | Z8: =W8+X8+Y8 -> 160 | AB8: 5098.77 | AC8: =AB8/$T$2*Z8 -> 5098.77
A9: 8 | B9: DARINKA HUBER ŠIPEC | C9: 42900 | D9: (blank) | W9: 160 | Z9: =W9+X9+Y9 -> 160 | AB9: 10161.98 | AC9: =AB9/$T$2*Z9 -> 10161.98
A10: 11 | B10: Marina Kuharić | C10: 43435 | D10: (blank) | W10: 160 | Z10: =W10+X10+Y10 -> 160 | AA10: 275 | AB10: 7665.75 | AC10: =AB10/$T$2*Z10 -> 7665.75
A11: 13 | B11: DANIEL KERESZTEŠ | C11: 43435 | D11: (blank) | W11: 160 | Z11: =W11+X11+Y11 -> 160 | AB11: 6250 | AC11: =AB11/$T$2*Z11 -> 6250
A12: 15 | B12: BORIS JURIĆ | C12: 43586 | D12: (blank) | W12: 160 | Z12: =W12+X12+Y12 -> 160 | AB12: 3750 | AC12: =AB12/$T$2*Z12 -> 3750
A13: 24 | B13: MARIO MARTINČIĆ | C13: 43739 | D13: (blank) | W13: 160 | Z13: =W13+X13+Y13 -> 160 | AB13: 3750 | AC13: =AB13/$T$2*Z13 -> 3750
A14: 25 | B14: FILIP JANJEŠIĆ | C14: 43747 | D14: (blank) | W14: 160 | Z14: =W14+X14+Y14 -> 160 | AA14: 300 | AB14: 3750 | AC14: =AB14/$T$2*Z14 -> 3750
D16: ukupno: | W16: =SUBTOTAL(109,W7:W15) -> 1280 | Y16: =SUBTOTAL(109,Y7:Y15) -> 0 | Z16: =SUBTOTAL(109,Z7:Z15) -> 1280 | AA16: =SUBTOTAL(109,AA7:AA15) -> 575 | AB16: =SUM(AB7:AB15) -> 45516.17

Sheet evr_DURA CONST
A1: rb | B1: DURA-CONSTRUCT D.O.O OIB: 67650750782 | K1: Razdoblje: | P1: 43497 | T1: Ukupno sati u mjesecu | AB1: treba kopirati
P2: 43524 | T2: 160
B3: ,
B4: Radnik | E4: 5) vrijeme i sati zastoja krivnjom | F4: 6) ukupno dnevno radnovrijeme | G4: 7) vrijeme terenskog rada | H4: 8) vrijeme pripravnosti | I4: 9) vrijeme nenazočnosti na poslu | V4: rad noću | W4: redovan rad | X4: blagdan i neradni dan | Y4: prekovremeni rad | Z4: UKUPNO | AA4: DODATAK NA PLAĆU | AB4: Bruto | AC4: BRUTO
C5: RADI OD | D5: RADI DO | I5: dnevni odmor | J5: tjedni odmor | K5: godišnji odmor | L5: blagdan /neradni dan | M5: bolovanje | N5: dopust - rodiljni /roditeljski | O5: dr. roditeljska prava | P5: plaćeni dopust | Q5: neplaćeni dopust | R5: po zahtjevu radnika | S5: krivnjom radnika | T5: zbog štrajka | U5: zbog isključenja s rada
A6: rb | B6: 1 | C6: Column2 | D6: Column3 | E6: 4 | F6: 5 | G6: 6 | H6: 7 | I6: 8 | J6: 9 | K6: 10 | L6: 11 | M6: 12 | N6: 13 | O6: 14 | P6: 15 | Q6: 16 | R6: 17 | S6: 0 | T6: 19 | U6: 20 | V6: 21 | W6: 22 | X6: 23 | Y6: 24 | Z6: 25 | AA6: 26 | AB6: 27 | AC6: 28
A7: 1 | B7: ZSOLT FEHER | C7: 43472 | D7: (blank) | F7: =$T$2-L7-K7 -> 160 | W7: =SUM(F7:V7)-L7 -> 160 | X7: =L7 -> 0 | Z7: =W7+X7+Y7 -> 160 | AB7: 5700 | AC7: =AB7/$T$2*Z7 -> 5700
A8: 2 | B8: MARK BORZA | C8: 43472 | D8: (blank) | F8: =$T$2-L8-K8 -> 160 | W8: =SUM(F8:V8)-L8 -> 160 | X8: =L8 -> 0 | Z8: =W8+X8+Y8 -> 160 | AB8: 4875 | AC8: =AB8/$T$2*Z8 -> 4875
A9: 3 | B9: ROLAND ANTAL BORZA | C9: 43472 | D9: (blank) | F9: =$T$2-L9-K9 -> 160 | W9: =SUM(F9:V9)-L9 -> 160 | X9: =L9 -> 0 | Z9: =W9+X9+Y9 -> 160 | AB9: 4875 | AC9: =AB9/$T$2*Z9 -> 4875
D14: ukupno: | F14: =SUBTOTAL(109,F7:F13) -> 480 | K14: =SUBTOTAL(109,K7:K13) -> 0 | L14: =SUBTOTAL(109,L7:L13) -> 0 | W14: =SUBTOTAL(109,W7:W13) -> 480 | X14: =SUBTOTAL(109,X7:X13) -> 0 | Y14: =SUBTOTAL(109,Y7:Y13) -> 0 | Z14: =SUBTOTAL(109,Z7:Z13) -> 480 | AA14: =SUBTOTAL(109,AA7:AA13) -> 0 | AB14: =SUM(AB7:AB13) -> 15450

Sheet evr_PIROŠ ČIZMA
A1: rb | B1: PIROŠ ČIZMA D.O.O OIB: 96694792087 | K1: Razdoblje: | P1: 43709 | T1: Ukupno sati u mjesecu | AB1: treba kopirati
P2: 43738 | T2: 168
B3: EVIDENCIJA O RADNOM VREMENU RADNIKA
B4: Radnik | E4: 5) vrijeme i sati zastoja krivnjom | F4: 6) ukupno radnovrijeme | G4: REDOVAN RAD | H4: RAD NEDJELJOM | I4: RAD BLAGDANOM | J4: RAD U II SMJENI | K4: GODIŠNJI ODMOR | V4: rad noću | W4: redovan rad | X4: blagdan i neradni dan | Y4: prekovremeni rad | Z4: UKUPNO | AA4: BOŽOČNICA | AB4: Bruto | AC4: BRUTO
C5: RADI OD | D5: RADI DO | L5: blagdan /neradni dan | M5: bolovanje | N5: dopust - rodiljni /roditeljski | O5: dr. roditeljska prava | P5: plaćeni dopust | Q5: neplaćeni dopust | R5: po zahtjevu radnika | S5: krivnjom radnika | T5: zbog štrajka | U5: zbog isključenja s rada | AD5: SATI RADA TJEDNO
A6: rb | B6: 1 | C6: Column2 | D6: Column3 | E6: 4 | F6: 5 | G6: 6 | H6: 7 | I6: 8 | J6: 9 | K6: 10 | L6: 11 | M6: 12 | N6: 13 | O6: 14 | P6: 15 | Q6: 16 | R6: 17 | S6: 0 | T6: 19 | U6: 20 | V6: 21 | W6: 22 | X6: 23 | Y6: 24 | Z6: 25 | AA6: 26 | AB6: 27 | AC6: 28 | AD6: 29
A7: 3 | B7: Laura Lovaković | C7: 41458 | D7: (blank) | F7: =$T$2/(40/AD7)-L7 -> 168 | W7: =Table2664533[[#This Row],[5]] -> 168 | X7: =Table2664533[[#This Row],[11]] -> 0 | Z7: =W7+X7+Y7 -> 168 | AB7: 5491.2 | AC7: =AB7/$T$2*Z7 -> 5491.2 | AD7: 40
A8: 11 | B8: HENRIETA CAMAI | C8: 43587 | D8: (blank) | F8: =$T$2/(40/AD8)-L8 -> 168 | W8: =Table2664533[[#This Row],[5]] -> 168 | X8: =Table2664533[[#This Row],[11]] -> 0 | Z8: =W8+X8+Y8 -> 168 | AB8: 4100 | AC8: =AB8/$T$2*Z8 -> 4100 | AD8: 40
A9: 15 | B9: KRISTINA PAVIĆ | C9: 43382 | D9: (blank) | F9: =$T$2/(40/AD9)-L9 -> 168 | W9: =Table2664533[[#This Row],[5]] -> 168 | X9: =Table2664533[[#This Row],[11]] -> 0 | Z9: =W9+X9+Y9 -> 168 | AB9: 5000 | AC9: =AB9/$T$2*Z9 -> 5000 | AD9: 40
A10: 16 | B10: GORDANA ODRI | C10: 43382 | D10: (blank) | F10: =$T$2/(40/AD10)-L10 -> 168 | W10: =Table2664533[[#This Row],[5]] -> 168 | X10: =Table2664533[[#This Row],[11]] -> 0 | Z10: =W10+X10+Y10 -> 168 | AB10: 3750 | AC10: =AB10/$T$2*Z10 -> 3750 | AD10: 40
A11: 19 | B11: DIJANA KINČEŠ | C11: 43598 | D11: (blank) | F11: =$T$2/(40/AD11)-L11 -> 168 | W11: =Table2664533[[#This Row],[5]] -> 168 | X11: =Table2664533[[#This Row],[11]] -> 0 | Z11: =W11+X11+Y11 -> 168 | AB11: 3750 | AC11: =AB11/$T$2*Z11 -> 3750 | AD11: 40
D20: ukupno: | F20: =SUBTOTAL(109,F7:F19) -> 840 | G20: =SUBTOTAL(109,Table2664533[6]) -> 0 | H20: =SUBTOTAL(109,Table2664533[7]) -> 0 | I20: =SUBTOTAL(109,Table2664533[8]) -> 0 | J20: =SUBTOTAL(109,Table2664533[9]) -> 0 | K20: =SUBTOTAL(109,K7:K19) -> 0 | L20: =SUBTOTAL(109,L7:L19) -> 0 | W20: =SUBTOTAL(109,W7:W18) -> 840 | X20: =SUBTOTAL(109,X7:X18) -> 0 | Y20: =SUBTOTAL(109,Y7:Y18) -> 0 | Z20: =SUBTOTAL(109,Z7:Z18) -> 840 | AA20: =SUBTOTAL(109,AA7:AA18) -> 0 | AB20: =SUBTOTAL(109,AB7:AB19) -> 22091.2 | AC20: =SUBTOTAL(109,AC7:AC19) -> 22091.2
AA21: kont
Z24: PLAĆA | AA24: =AC20*1.172 -> 25890.886

Sheet evr_MUCI
A1: rb | B1: MUCI D.O.O. OIB: | K1: Razdoblje: | P1: 43678 | T1: Ukupno sati u mjesecu | AC1: treba kopirati
P2: 43708 | T2: 176
B3: EVIDENCIJA O RADNOM VREMENU RADNIKA
B4: Radnik | E4: 5) vrijeme i sati zastoja krivnjom | F4: 6) ukupno dnevno radnovrijeme | G4: 7) vrijeme terenskog rada | H4: 8) vrijeme pripravnosti | I4: 9) vrijeme nenazočnosti na poslu | V4: rad noću | W4: redovan rad | X4: blagdan i neradni dan | Y4: prekovremeni rad | Z4: UKUPNO | AA4: DODATAK NA PLAĆU U NETU | AC4: Bruto
C5: RADI OD | D5: RADI DO | I5: dnevni odmor | J5: tjedni odmor | K5: godišnji odmor | L5: blagdan /neradni dan | M5: bolovanje | N5: dopust - rodiljni /roditeljski | O5: dr. roditeljska prava | P5: plaćeni dopust | Q5: neplaćeni dopust | R5: po zahtjevu radnika | S5: krivnjom radnika | T5: zbog štrajka | U5: zbog isključenja s rada | AD5: CIPELARINA
A6: rb | B6: 1 | C6: Column2 | D6: Column3 | E6: 4 | F6: 5 | G6: 6 | H6: 7 | I6: 8 | J6: 9 | K6: 10 | L6: 11 | M6: 12 | N6: 13 | O6: 14 | P6: 15 | Q6: 16 | R6: 17 | S6: 0 | T6: 19 | U6: 20 | V6: 21 | W6: 22 | X6: 23 | Y6: 24 | Z6: 25 | AA6: 26 | AB6: 262 | AC6: 27 | AD6: 29
A7: 1 | B7: Dragica Baldigara | C7: 43632 | D7: 43723 | F7: 0 | L7: 0 | N7: =T2 -> 176 | W7: =SUM(F7:V7)-L7 -> 176 | X7: =L7 -> 0 | Z7: =W7+X7+Y7 -> 176 | AB7: 0 | AC7: 1750
D12: ukupno: | F12: =SUBTOTAL(109,F7:F11) -> 0 | K12: =SUBTOTAL(109,K7:K11) -> 0 | L12: =SUBTOTAL(109,L7:L11) -> 0 | W12: =SUBTOTAL(109,W7:W11) -> 176 | X12: =SUBTOTAL(109,X7:X11) -> 0 | Y12: =SUBTOTAL(109,Y7:Y11) -> 0 | Z12: =SUBTOTAL(109,Z7:Z11) -> 176 | AA12: =SUBTOTAL(109,AA7:AA11) -> 0 | AC12: =SUBTOTAL(109,AC7:AC11) -> 1750
AA13: kont

Sheet evr_HIMX D.O.O
A1: rb | B1: HIMEX D.O.O OIB: '85302237000 | K1: Razdoblje: | P1: 43678 | T1: Ukupno sati u mjesecu | AB1: treba kopirati
P2: 43708 | T2: 176
B3: EVIDENCIJA O RADNOM VREMENU RADNIKA
B4: Radnik | E4: 5) vrijeme i sati zastoja krivnjom | F4: 6) ukupno radno vrijeme | G4: REDOVAN RAD | H4: RAD NEDJELJOM OD RED.R. | I4: RAD BLAGDANOM - OD RED.R | J4: RAD U II SMJENI -OD RED.R. | K4: GODIŠNJI ODMOR - OD RED.R. | V4: RAD NOĆU - OD RED.R. | W4: redovan rad | X4: blagdan i neradni dan | Y4: prekovremeni rad | Z4: UKUPNO | AA4: DODATAK NA PLAĆU | AB4: Bruto | AC4: BRUTO
C5: RADI OD | D5: RADI DO | L5: blagdan /neradni dan | M5: bolovanje | N5: dopust - rodiljni /roditeljski | O5: dr. roditeljska prava | P5: plaćeni dopust | Q5: neplaćeni dopust | R5: po zahtjevu radnika | S5: krivnjom radnika | T5: zbog štrajka | U5: zbog isključenja s rada | AD5: SATI RADA TJEDNO
A6: rb | B6: 1 | C6: Column2 | D6: Column3 | E6: 4 | F6: 5 | G6: 6 | H6: 7 | I6: 8 | J6: 9 | K6: 10 | L6: 11 | M6: 12 | N6: 13 | O6: 14 | P6: 15 | Q6: 16 | R6: 17 | S6: 0 | T6: 19 | U6: 20 | V6: 21 | W6: 22 | X6: 23 | Y6: 24 | Z6: 25 | AA6: 26 | AB6: 27 | AC6: 28 | AD6: 29
A7: 1 | B7: Goran Kurel | C7: 43647 | D7: (blank) | F7: =$T$2/(40/AD7)-L7 -> 160 | L7: 16 | W7: =SUM(F7:V7)-L7 -> 160 | X7: =L7 -> 16 | Z7: =W7+X7+Y7 -> 176 | AB7: 6800 | AC7: =Table2664536[[#This Row],[27]]/$T$2*Table2664536[[#This Row],[25]] -> 6800 | AD7: 40
A8: 2 | B8: SREČKOVIĆ KATARINA | C8: 43661 | D8: 25.08.2019. | F8: 104 | L8: 16 | W8: =SUM(F8:V8)-L8 -> 104 | X8: =L8 -> 16 | Z8: =W8+X8+Y8 -> 120 | AB8: 3750 | AC8: =Table2664536[[#This Row],[27]]/$T$2*Table2664536[[#This Row],[25]] -> 2556.8182 | AD8: 40
D16: ukupno: | F16: =SUBTOTAL(109,F7:F15) -> 264 | K16: =SUBTOTAL(109,K7:K15) -> 0 | L16: =SUBTOTAL(109,L7:L15) -> 32 | W16: =SUBTOTAL(109,W7:W14) -> 264 | X16: =SUBTOTAL(109,X7:X14) -> 32 | Y16: =SUBTOTAL(109,Y7:Y14) -> 0 | Z16: =SUBTOTAL(109,Z7:Z14) -> 296 | AA16: =SUBTOTAL(109,AA7:AA14) -> 0 | AB16: =SUBTOTAL(109,AB7:AB15) -> 10550 | AC16: =SUBTOTAL(109,AC7:AC15) -> 9356.8182
AA17: kont

Sheet evr_agro pmd (2)
A1: rb | B1: AGRO PMD D.O.O. OIB: 09677499852 | K1: Razdoblje: | P1: 01.02.2020 | T1: Ukupno sati u mjesecu
P2: 29.02.2020 | T2: 160
B3: ,
B4: Radnik | E4: 5) vrijeme i sati zastoja krivnjom | F4: 6) ukupno dnevno radnovrijeme | G4: 7) vrijeme terenskog rada | H4: 8) vrijeme pripravnosti | I4: 9) vrijeme nenazočnosti na poslu | V4: rad noću | W4: redovan rad | X4: blagdan i neradni dan | Y4: prekovremeni rad | Z4: UKUPNO
C5: RADI OD | D5: RADI DO | I5: dnevni odmor | J5: tjedni odmor | K5: godišnji odmor | L5: blagdan /neradni dan | M5: bolovanje | N5: dopust - rodiljni /roditeljski | O5: dr. roditeljska prava | P5: plaćeni dopust | Q5: neplaćeni dopust | R5: po zahtjevu radnika | S5: krivnjom radnika | T5: zbog štrajka | U5: zbog isključenja s rada
A6: rb | B6: 1 | C6: Column2 | D6: Column3 | E6: 4 | F6: 5 | G6: 6 | H6: 7 | I6: 8 | J6: 9 | K6: 10 | L6: 11 | M6: 12 | N6: 13 | O6: 14 | P6: 15 | Q6: 16 | R6: 17 | S6: 0 | T6: 19 | U6: 20 | V6: 21 | W6: 22 | X6: 23 | Y6: 24 | Z6: 25
A7: 3 | B7: IVICA IVANOVIĆ | C7: 42762 | D7: (blank) | W7: 160 | Z7: =W7+X7+Y7 -> 160
A8: 7 | B8: NENAD BANIČEK | C8: 42948 | D8: (blank) | W8: 160 | Z8: =W8+X8+Y8 -> 160
A9: 8 | B9: DARINKA HUBER ŠIPEC | C9: 42900 | D9: (blank) | W9: 160 | Z9: =W9+X9+Y9 -> 160
A10: 11 | B10: Marina Kuharić | C10: 43435 | D10: (blank) | W10: 160 | Z10: =W10+X10+Y10 -> 160
A11: 13 | B11: DANIEL KERESZTEŠ | C11: 43435 | D11: (blank) | W11: 160 | Z11: =W11+X11+Y11 -> 160
A12: 15 | B12: BORIS JURIĆ | C12: 43586 | D12: (blank) | W12: 160 | Z12: =W12+X12+Y12 -> 160
A13: 24 | B13: MARIO MARTINČIĆ | C13: 43739 | D13: (blank) | W13: 160 | Z13: =W13+X13+Y13 -> 160
A14: 25 | B14: FILIP JANJEŠIĆ | C14: 43747 | D14: (blank) | W14: 160 | Z14: =W14+X14+Y14 -> 160
D16: ukupno: | W16: =SUBTOTAL(109,W7:W15) -> 1280 | Y16: =SUBTOTAL(109,Y7:Y15) -> 0 | Z16: =SUBTOTAL(109,Z7:Z15) -> 1280

Sheet UGOVOR MATEJ
A1: 367
A2: Na temelju Zakona o radu ("Narodne novine", br. 93/14., 127/17, 73/18)
A3: Dana | B3: 44125 | C3: sklopljen je
